Date,Close,High,Low,Open,Volume,Return,MA_7,MA_21,MA_50,Volatility_7,Volatility_21,Volatility_50,RSI,MACD,Target
2020-03-16,58.47034454345703,62.5428168089279,57.93684117686896,58.40757727472599,322423600,-0.12864670080530394,64.98513357979911,70.0631110781715,73.45611862182618,0.09101398801657824,0.06014515867823158,0.0411628560751724,40.05291739959353,-3.202934983613119,1
2020-03-17,61.041290283203125,62.1879532458274,57.55059398806874,59.74978006097213,324056000,0.04397008021451421,63.737765720912385,69.23440769740513,73.2443312072754,0.09456122559189974,0.061340968278181356,0.041691727742639594,41.59306903044498,-3.400296202277346,0
2020-03-18,59.5469970703125,60.3508711155952,57.24159305699179,57.88131450093201,300233600,-0.024480039756004546,63.0652825491769,68.40294501894996,72.99124252319336,0.09056634225287857,0.061397126625995516,0.04178053860378826,43.998916148887126,-3.635377000808674,0
2020-03-19,59.09075164794922,61.03646337436918,58.56690646649194,59.72081496454535,271857200,-0.007661938381620659,61.66652134486607,67.49664778936477,72.73582061767578,0.0836871926704721,0.06113856011319592,0.0417851195828953,43.661281940604226,-3.8145239621165103,0
2020-03-20,55.33934020996094,60.79264444451166,55.03999854094989,59.67011594836406,401693200,-0.06348559348742822,60.073602948869976,66.4498770577567,72.38225051879883,0.08529873683584072,0.062182219153650777,0.042550013981585755,33.86071721999279,-4.210668801930936,0
2020-03-23,54.1636962890625,55.1606938155284,51.3247927605554,55.059304798459365,336752800,-0.021244270647932773,59.25076184953962,65.43046460832868,71.9741487121582,0.0785520353376774,0.06217325747364543,0.042446850091977864,34.60244125455873,-4.56683742166426,1
2020-03-24,59.597694396972656,59.79323063321941,56.56083807077307,57.05812866753022,287531200,0.10032546669100695,58.178587777274,64.84075055803571,71.67135528564454,0.07328543541109486,0.06640257306447542,0.04500072974800856,37.30453259275763,-4.3603618482127615,0
2020-03-25,59.26939010620117,62.34245572079971,58.97487753279941,60.53192941719469,303602000,-0.005508674355499288,58.2927371433803,64.35150636945453,71.33006141662598,0.05338542276514246,0.06611336049882494,0.04485768591914761,38.79644726766366,-4.175092019294198,1
2020-03-26,62.38833236694336,62.446266859922645,59.47217711965345,59.51080257065681,252087200,0.05262315429859399,58.48517172677176,63.95824904668899,71.07176162719726,0.05457559190347097,0.06718529833224653,0.045543133169459134,43.065692855426,-3.7335536878680955,0
2020-03-27,59.805301666259766,61.767909526223264,59.638732669554486,61.01473181958192,204216800,-0.041402464253912696,58.52207238333566,63.66189702351888,70.76825508117676,0.056410326235536636,0.0662838483299818,0.04587021197626544,45.5784166191323,-3.5511252084535343,1
2020-03-30,61.51203536987305,61.68343350383442,60.20604133587408,60.529524878595154,167976400,0.0285381672872016,58.86797005789621,63.4486574445452,70.48009841918946,0.05703818690392348,0.06663210912389442,0.04603981174722596,42.22404125126409,-3.2315785521173837,0
2020-03-31,61.38650131225586,63.3660094986333,60.8336888557072,61.70274302705608,197002000,-0.002040804809373409,59.73185021536691,62.93688220069522,70.17262077331543,0.048441452313979665,0.06303538036295121,0.04599442366961582,44.345179848415306,-2.9544084920386666,0
2020-04-01,58.156517028808594,60.04187774072141,57.72681910117655,59.50596168562525,176218400,-0.05261717502056751,60.302253178187776,62.38039016723633,69.81094795227051,0.05362471337570583,0.06362715658977092,0.046516577440145354,47.88562416504643,-2.961246553140448,1
2020-04-02,59.12696075439453,59.18006982201146,57.1884908369524,58.01891951220774,165934000,0.01668675799661834,60.23500551496233,61.71584047589983,69.46324089050293,0.037366060280138495,0.0627105953526266,0.04659900091025746,38.790917999952825,-2.8554432946618746,0
2020-04-03,58.27721405029297,59.3128333420279,57.688188979235456,58.61276473473643,129880000,-0.014371560676546435,60.09326607840402,61.12371226719448,69.09116966247558,0.037711375117064634,0.06248444418077658,0.046603288554078935,49.65258373179475,-2.8077944013700957,1
2020-04-06,63.36116790771485,63.515662294826,60.20119742720632,60.56812804276326,201820400,0.08723742101045628,60.232242584228516,60.81839334397089,68.8252089691162,0.047129867734847716,0.06576738024049682,0.048374573818055926,53.827136875041695,-2.3329074176990687,0
2020-04-07,62.62729644775391,65.58932155008534,62.52349473038591,65.3720525473446,202887200,-0.011582353738015305,60.635384695870535,60.74091320946103,68.58965446472168,0.04365126978097011,0.06344610570268257,0.04823892842778685,55.21239279660307,-1.992801579233472,1
2020-04-08,64.230224609375,64.54404618126709,63.06183266990903,63.42634690897305,168895200,0.025594720713488117,61.02369744437082,60.5193962823777,68.34406105041504,0.04342739265930193,0.06161916747867059,0.0482055487402353,58.37196972653313,-1.575757988292267,1
2020-04-09,64.6937255859375,65.19584902236409,63.89951332637289,64.86512738575412,161834800,0.007216244056148735,61.49615805489676,60.433870406377885,68.07570701599121,0.043247245224412145,0.061166708564075904,0.048109256730900926,67.06592543928022,-1.194082641267343,1
2020-04-13,65.96349334716797,66.07212784753266,64.17227648943236,64.7709597033301,131022800,0.019627371120306547,62.61144038609096,60.72148513793945,67.8350122833252,0.033893017080471835,0.05686723722339942,0.04821203039688158,71.45359913243635,-0.7801494551950441,1
2020-04-14,69.29486083984375,69.58454794114515,67.12222968123038,67.59296937908287,194994800,0.050503199931251075,64.06399754115513,60.82586361113049,67.73011177062989,0.03591933859862302,0.0517176262708521,0.04838599998171352,69.09033124550726,-0.18120212247257683,0
2020-04-15,68.66239166259766,69.1210568119712,67.74506136385055,68.17234288135833,131154400,-0.00912721621171697,65.54759434291294,61.31119918823242,67.61665596008301,0.03504272728312503,0.04223302723281628,0.048400968050340214,68.27270505040521,0.23967020808490247,1
2020-04-16,69.20796966552734,69.57249130619873,68.16027936470277,69.37453866907585,157125200,0.007945805406992301,66.38285173688617,61.70008868262882,67.46502983093262,0.02145477798872683,0.0414451358650304,0.04817669753159683,64.74266897901323,0.6102040945606859,0
2020-04-17,68.2689208984375,69.27075152318855,66.83498322406335,68.72517714348913,215250000,-0.013568506223028076,67.18879808698382,62.115418388730006,67.28209968566894,0.02184188737229987,0.041100350371202445,0.048190962481002894,69.6966431084427,0.8186446555979501,0
2020-04-20,66.85186767578125,67.99853426971617,66.83255863780644,67.09810395402242,130015200,-0.020756930152219244,67.56331852504185,62.48499534243629,67.05271797180175,0.024149514193649756,0.0414369555256954,0.048229861981670126,62.596767902995694,0.8595822209212685,0
2020-04-21,64.78544616699219,66.92911009651182,64.07571939662287,66.69494844279068,180991600,-0.030910452925725473,67.57642146519252,62.93480991181873,66.8032997894287,0.027840886125571562,0.03922929806859696,0.04837660209574076,57.34553295062373,0.7170172617592527,1
2020-04-22,66.65149688720703,67.08602016909022,65.71002486509416,66.05039726124157,116862400,0.02880354818279529,67.6747076851981,63.52946708315895,66.58386375427246,0.029078445968548684,0.038866700897404544,0.04856806398266281,69.50877554467388,0.746008678709174,0
2020-04-23,66.3932113647461,68.0154433517939,66.35458591659604,66.59598944224571,124814400,-0.0038751646178033505,67.26018633161273,63.853063129243395,66.36862846374511,0.01964522624346823,0.03306081771371632,0.0485652640709621,67.25127174427308,0.7396172551122646,1
2020-04-24,68.30995178222656,68.31960998543786,66.86877252729914,66.91705617630512,126161200,0.028869524128761093,67.20983777727399,64.28356606619698,66.15508293151855,0.023487283656331102,0.03332979840616094,0.04862571166794182,72.67076633445221,0.8790834123198294,1
2020-04-27,68.35823059082031,68.68895219864656,67.58091104598891,68.02750161594408,117087600,0.0007067609818796061,67.08844648088727,64.56784693400066,65.95375221252442,0.023211238421427086,0.03168509490136296,0.048620643413407154,64.61867896557402,0.9821850254919724,0
2020-04-28,67.25019836425781,69.00037411858965,67.15847120269908,68.81932145434843,112004800,-0.016209199930802387,66.94291469029018,64.92236582438152,65.72987495422363,0.023459577368239875,0.03029337849531051,0.048663660773416245,63.23436457760453,0.9633796157387593,1
2020-04-29,69.45903015136719,69.92735352024151,68.53204161617626,68.73481966758834,137280800,0.03284498545484338,67.31536647251674,65.3007941473098,65.57890129089355,0.024981292945767102,0.03046744305138593,0.04884932621476499,64.46705265175471,1.113870453043532,1
2020-04-30,70.9243392944336,71.10056648651737,69.60869475205328,69.99735081766806,183064000,0.021096020774738156,68.19235120500836,65.75497690836589,65.43492820739746,0.019364128297393972,0.030571293023559147,0.04890073154401564,66.33339560082193,1.3359734571817086,0
2020-05-01,69.78251647949219,72.17965163700352,69.00519685948858,69.1017567929507,240616800,-0.016099167455071672,68.63963971819196,66.308595929827,65.28414802551269,0.020714942671278772,0.027913436646209912,0.04893084935437723,60.07908353626394,1.4036754329392949,1
2020-05-04,70.76985931396484,70.89780288941466,69.11866006272429,69.80666159250394,133568000,0.014148856823797962,69.26487513950893,66.86301967075893,65.18811805725097,0.020288179586743376,0.027884324530546227,0.04887352650430415,54.44242796631006,1.519484381562691,1
2020-05-05,71.83201599121094,72.66244451792257,71.08366376030753,71.2285073158129,147751200,0.015008602356179956,69.76802716936383,67.50848642985027,65.1851245880127,0.01867644542076665,0.02738796763053781,0.04843487368238571,59.3054817023484,1.6776322741782934,1
2020-05-06,72.57311248779297,73.20317188783281,72.14824010437898,72.53207066423909,142333600,0.010317077787051154,70.37015315464565,67.94715045747303,65.24571647644044,0.018458087272591545,0.020987496766177047,0.04818606697910085,59.767359874715886,1.8415378105796378,1
2020-05-07,73.32390594482422,73.66911859215423,72.89662434827942,73.19837876119128,115215200,0.01034533908350066,71.23782566615513,68.45651281447638,65.29925987243652,0.014855628434735181,0.0205741993190068,0.04815996111101448,64.83425598672417,2.008859998798812,1
2020-05-08,75.06912994384766,75.1223827731926,73.65551811313698,73.98229650289032,133838400,0.023801568895370995,72.03926849365234,68.97265116373698,65.48006858825684,0.013081027655837265,0.02049996753389331,0.047261425933403045,73.6585265131596,2.2562800379376426,1
2020-05-11,76.25038146972656,76.74417245398942,74.36959376483475,74.57776663572473,145946400,0.015735516406843786,72.80013166155133,69.52296811058407,65.68527488708496,0.012553543508687641,0.020575074319661272,0.04728781880863087,84.78182375362577,2.5186459448779317,0
2020-05-12,75.37897491455078,77.3832066763356,75.25794640867731,76.93297679324957,162301200,-0.01142822551677003,73.59962572370257,69.97132437569755,65.75017875671386,0.010924639704204256,0.020816554913974876,0.04554651068098994,78.17756530512509,2.625986848251557,0
2020-05-13,74.46881866455078,76.47789576756719,73.39408522317618,75.55807493186354,200622400,-0.012074404713406484,74.12804848807198,70.21770331973121,65.84269813537598,0.013828236387630848,0.01857239504822238,0.04533418972517689,75.01978444644678,2.6075550135927017,1
2020-05-14,74.92632293701172,74.98683718466037,72.98744407851115,73.70877656980059,158929200,0.006143568283549561,74.5700923374721,70.51598576136998,65.87957450866699,0.013413563557037345,0.01834679477774976,0.04489052296480537,72.53654173291207,2.5998944581606622,0
2020-05-15,74.48336791992188,74.5293593473761,72.66794016355354,72.70183169409641,166348400,-0.00591187448851882,74.84298597063336,70.76719520205543,65.95500373840332,0.013958683980555118,0.018458958475591758,0.044637408314353144,70.31705203657927,2.5289287286593094,1
2020-05-18,76.2382583618164,76.611028150083,75.11511790410643,75.80498172029709,135178400,0.023560836343776037,75.25932203020368,71.14668746221633,66.08431159973145,0.01576771518831758,0.01850376598688913,0.044683719340883915,78.58662909739104,2.5845003578488672,0
2020-05-19,75.79772186279297,77.09998213452099,75.76625327530091,76.25520568719914,101729600,-0.0057784176670552245,75.36340659005302,71.5726805187407,66.31517845153809,0.013965425970501068,0.017715604726522404,0.04311849571890098,72.71534223728999,2.563443875293544,1
2020-05-20,77.27184295654297,77.3420341535439,76.61586330214624,76.65459330065981,111504800,0.019448092337371436,75.50932965959821,72.16727084205264,66.48297370910645,0.014651405863198132,0.015747565460915467,0.04205949187106144,72.73256354068188,2.6353273009947316,0
2020-05-21,76.69576263427734,77.67367499164858,76.45854411277335,77.1338852173559,102688800,-0.007455242430151499,75.69744219098773,72.64556921096076,66.68709358215332,0.01411180048658212,0.015399255052833918,0.041733473023783885,75.80433050438637,2.615658878887629,1
2020-05-22,77.18954467773438,77.27184315466477,76.33266100253039,76.43432078527125,81803200,0.006438191974328822,76.08611733572823,73.15968032110305,67.03241279602051,0.012561224500961527,0.015204374112546234,0.039025841787028226,74.8787317018364,2.6098310886363265,0
2020-05-26,76.66671752929688,78.4845606060167,76.61104175906425,78.30544078691085,125522000,-0.00677328970678992,76.33474513462612,73.55762154715401,67.2236888885498,0.013326084215645698,0.014656883518248528,0.035419700468177065,69.55370113688399,2.533816482283328,1
2020-05-27,77.0007553100586,77.14599099987917,75.78563172544763,76.52391007078806,112945200,0.0043570116411215665,76.69437190464565,73.96917034330822,67.59429710388184,0.012684931143232816,0.014617385362976318,0.02986811311149211,68.51707678170308,2.4720323660016135,1
2020-05-28,77.03463745117188,78.29091382648822,76.4004493161322,76.67639044487011,133560800,0.0004400234903780831,76.80814034598214,74.43509601411365,67.91416404724121,0.0096386412751486,0.013792995122884172,0.02936751458401709,66.50878809128943,2.398157546940908,0
2020-05-29,76.95960235595703,77.73660324937043,76.60377827424547,77.27669643163954,153532400,-0.000974043595160734,76.974123273577,74.79226611909412,68.2624161529541,0.009192627779469208,0.012485265589855396,0.02907130528970807,59.87865962661802,2.3069632788626535,1
2020-06-01,77.90604400634766,78.02707250180976,76.78289602270274,76.91360886615988,80791200,0.012297902034538843,77.06472342354911,75.12472824823288,68.63872200012207,0.007122250561639567,0.012057322714223306,0.02902318012845319,58.869313811478186,2.284724217250016,1
2020-06-02,78.2667007446289,78.29090791932163,77.19922860751555,77.63977407114822,87642800,0.0046293807223976025,77.28914315359933,75.52873702276321,69.09726921081543,0.006063323381453364,0.011092209659709803,0.02724141668717254,66.36493502450632,2.270034045909256,1
2020-06-03,78.69757080078125,78.9589964979716,78.0149682866651,78.58622664893751,104491200,0.005505151642436035,77.50457545689174,75.90624709356399,69.5879467010498,0.0059827208551787555,0.010915633308396885,0.02693005204493317,75.34123068904505,2.26702671904296,0
2020-06-04,78.01980590820312,78.81859097042819,77.6470360985682,78.5208656190316,87560400,-0.00861227209025106,77.6978737967355,76.2009037562779,69.95638893127442,0.006491080042680118,0.011062315951080391,0.023481372257611526,68.06122130807984,2.184768773867461,1
2020-06-05,80.24190521240234,80.30241946972693,78.24009623942295,78.26914190101967,137250400,0.028481220612285307,78.16089521135602,76.56608436221168,70.37583923339844,0.011833946294546453,0.012229451261864801,0.023642660795343346,77.8377804217954,2.2726854989354166,1
2020-06-08,80.71630096435547,80.75019247995644,79.23007527095147,79.9393002955481,95654400,0.005912069892874294,78.68684714181083,76.91810317266555,70.74239860534668,0.011586156998146985,0.012168238495758894,0.02268008449405975,74.70635874744495,2.353510109911568,1
2020-06-09,83.26518249511719,83.6573136410901,80.36534445233356,80.39681304328083,147712400,0.03157827477608666,79.587644304548,77.30839138939267,71.21159622192383,0.014206430600659754,0.012877735406326501,0.021942071611200077,83.42379296661838,2.5933431880885536,1
2020-06-10,85.40739440917969,85.8745626649843,83.77350959383725,84.2116321903992,166651600,0.025727583245111152,80.65926579066685,77.74443962460472,71.68950340270996,0.015218825987651684,0.01346449792119285,0.0218889726212343,84.35921345932385,2.9225815280887417,0
2020-06-11,81.30693817138672,84.97652287764004,81.20527837641917,84.55292316229209,201662400,-0.04801055302247048,81.09358542306083,78.02672358921596,72.08791213989258,0.02792685219898282,0.01751996255777239,0.023195069143933014,65.0070715457684,2.820124099967643,1
2020-06-12,82.0088882446289,84.18740070270101,80.90027071068629,83.44186857843707,200146000,0.008633335469631742,81.56663077218192,78.38577452160064,72.56495956420899,0.0279464187339983,0.017163397045893043,0.021604535348394148,65.4748751708118,2.763709037054852,1
2020-06-15,83.02313232421875,83.67426627857331,80.50331793854433,80.66549938713932,138808800,0.012367489686781141,82.28139168875558,78.77133687337239,73.04288299560547,0.027202676501215144,0.017242317800127544,0.021574126069432528,69.78597891137076,2.7689223013832844,1
2020-06-16,85.22344970703125,85.49455982971764,83.44191322277945,85.07337550598776,165428800,0.0265024616780285,82.99304090227399,79.28276933942523,73.58180770874023,0.026978780662774936,0.0176586337528095,0.02152072678372098,72.93100432890486,2.9169759914218503,0
2020-06-17,85.10481262207031,86.02704912393895,84.98378413219785,85.96653487900272,114406400,-0.001392070907347387,83.6199711390904,79.70498620896112,74.01668060302734,0.027256076222546742,0.017294982514548883,0.01825025713565955,72.39977874963047,2.9902666535757305,1
2020-06-18,85.13871765136719,85.55505601805591,84.53115217198582,85.06125763268233,96820400,0.00039839144523390324,83.88761901855469,80.14979553222656,74.4669090270996,0.02521587111767887,0.01714732686244073,0.018091575664079023,72.75410859031257,3.016315674368684,0
2020-06-19,84.65219116210938,86.3078604847737,83.54598867934699,85.84311508911084,264476000,-0.005714515119314756,83.77973284040179,80.50124068487258,74.8753483581543,0.02331736715326566,0.017016559192925062,0.01795214509361523,69.26049019518152,2.9635392536318506,1
2020-06-22,86.86698150634766,87.00979422869749,84.99830144840965,85.04429286253834,135445200,0.026163414246383132,84.5740247453962,80.98558444068546,75.3188134765625,0.01296568938018514,0.017413134695589357,0.01818340850355851,72.2033832871508,3.0650961109580948,1
2020-06-23,88.72113800048828,90.1371727058119,87.6899729783668,88.1087341820106,212155600,0.02134477867180329,85.53291756766183,81.53470793224517,75.77396636962891,0.013683652586070528,0.017728872604032827,0.018211135292369757,74.10631291900899,3.257643498869271,0
2020-06-24,87.1550521850586,89.26821268122214,86.78228229668392,88.3508144843821,192623200,-0.017651777814449043,86.1231918334961,82.03415243966239,76.1311701965332,0.017496055660621134,0.018295275868143827,0.01735069004222783,71.0696770855879,3.246445649433568,1
2020-06-25,88.31207275390625,88.35080275936323,86.55232106785238,87.30996064055707,137522400,0.013275427411722829,86.56442369733539,82.57278660365513,76.52416381835937,0.01566935595544746,0.018351710095184,0.01727425030040971,69.57488222015698,3.292973811072258,0
2020-06-26,85.5986328125,88.42828022008003,85.45097417587026,88.20800742576003,205256800,-0.030725583227647957,86.63496943882534,82.98059590657552,76.85197708129883,0.020807212235833712,0.02006431993899998,0.017998988589970098,60.68221326534325,3.075443984425462,1
2020-06-29,87.57136535644531,87.66577111516035,85.02976731524565,85.50661981464565,130646000,0.023046309025361422,86.98249053955078,83.48591795421783,77.23802597045898,0.02239590583653588,0.020375486718275687,0.017997059622304634,59.6653152144206,3.0273358162342845,1
2020-06-30,88.30239868164062,88.58803158175118,87.14052793069565,87.15988924218063,140223200,0.008347858026647836,87.50394875662667,83.98098246256511,77.66703659057617,0.021980136563301028,0.020336215205755254,0.017608463386009694,56.93736708623781,3.0134607267413003,0
2020-07-01,88.13536834716797,88.9220535759505,88.08696138066959,88.37984827441205,110737200,-0.0018915718821507221,87.68514687674386,84.45091901506696,78.13403503417969,0.020233896592071282,0.02041074510361485,0.016837370674806132,70.16443067029425,2.954924140180694,0
2020-07-02,88.13536834716797,89.67485466688348,88.02160865174983,89.04066652590694,114041600,0.0,87.6014654976981,84.90033794584728,78.5637124633789,0.018402001220724266,0.020450988984731067,0.016542368928837956,68.87403116080192,2.875387792987283,1
2020-07-06,90.49298858642578,90.96015670821257,89.52959930495038,89.56106788910034,118655600,0.026749990196569762,88.07831355503627,85.49429902576264,79.0457080078125,0.01925775929931296,0.02067611928403038,0.01674489665927738,71.25343030441957,2.9683773087966188,0
2020-07-07,90.21221160888672,91.64760765010688,90.100867472441,90.87060685450932,112424400,-0.003102748422005197,88.34976196289062,85.96907552083333,79.4837532043457,0.019156427631714816,0.020201033805422184,0.016475705189110276,65.93471292333591,2.985006517461258,1
2020-07-08,92.31327056884766,92.34473915860562,91.10056271828748,91.18770707353976,117092000,0.02329018347394074,89.30899592808315,86.5213121686663,79.96285400390624,0.01314846987999225,0.020559119618095034,0.016644408634785047,70.43656604555528,3.1316237744180597,1
2020-07-09,92.71023559570312,93.25727928434208,91.66454778966232,93.20402645939578,125642800,0.00430019459184261,90.04312024797711,86.97107660202752,80.47205474853516,0.012137172396040983,0.01974887909405596,0.016331600402212567,71.03288577973174,3.2424735502511197,1
2020-07-10,92.8724365234375,92.93053523193312,91.6960429410668,92.30602397781524,90257200,0.0017495471421484776,90.69598279680524,87.32655479794457,80.94032287597656,0.012381347605809922,0.019195213695269293,0.0158970133292747,73.25399298825995,3.3053095050364334,0
2020-07-13,92.44397735595705,96.77921853086478,92.23096604261151,94.17468319640058,191649200,-0.004613415815491462,91.3114983694894,87.85688999720982,81.37071563720703,0.012755190581454743,0.015220585404298183,0.015812710030905376,67.55032777155682,3.282693530268247,1
2020-07-14,93.97377014160156,94.1649898089578,90.89480551473416,91.82671884066302,170989200,0.01654832288050545,92.1455557686942,88.42664627801804,81.85454071044921,0.012794398215017726,0.015379932149158757,0.015577589609551495,66.87406527247356,3.349599600968304,1
2020-07-15,94.62008666992188,96.09421302015996,93.42432441242931,95.8448945875974,153198000,0.006877626888294852,92.73514120919364,88.97888219924201,82.33154525756837,0.010215343236401341,0.015323885831785858,0.01553469895384168,75.48759375600756,3.41540482555979,0
2020-07-16,93.4557647705078,94.31022548870118,92.8578838224014,93.49449476804814,110577600,-0.01230522968633252,93.19850594656808,89.3708972022647,82.7640202331543,0.01207104954414119,0.015111542288630939,0.01568892569408024,67.55316766939137,3.3351592536989045,0
2020-07-17,93.26696014404295,94.06090662183888,92.79494615025624,93.90599401950855,92186800,-0.0020202566094074115,93.33474731445312,89.7595708937872,83.1778971862793,0.009161736451716074,0.015124424511942342,0.015706988922660998,81.61645774681114,3.219219940828367,1
2020-07-20,95.23249053955078,95.37046481228468,93.01040889370655,93.35413310853578,90318000,0.02107424100101718,93.69506944928851,90.24022674560547,83.61606887817383,0.011822030808425936,0.015513450044849787,0.015852011295439283,81.60553349183957,3.248492477214427,0
2020-07-21,93.91810607910156,96.09661884897764,93.66878769091768,96.02158177786352,103433200,-0.013801849064352112,93.84445081438336,90.68146078927177,83.9930484008789,0.013618567080414755,0.015900378824493282,0.015851523075956296,72.10340640055927,3.129555761273494,1
2020-07-22,94.18196105957033,94.86214066616996,93.53325004616464,93.62038702393836,89001600,0.0028094154735887056,94.09273420061383,91.02979314894904,84.35167999267578,0.013332858518608453,0.015151006046238685,0.01577164106355194,73.61934229105587,3.0217555319979255,0
2020-07-23,89.8951416015625,93.99316537476754,89.08667200224166,93.9157053517562,197004400,-0.04551635376647556,93.51007298060826,91.08569808233352,84.64200332641602,0.021033099745552522,0.01806206357827222,0.017144824335415254,55.14947881667161,2.5608921986560773,0
2020-07-24,89.67242431640625,90.01614846898383,86.31267234298356,88.09663844239333,185438800,-0.0024775230472786625,92.80326407296317,91.20557294573102,84.94607543945312,0.020355429278416652,0.0175849253387682,0.01701817904791497,47.256005621013294,2.152866359772858,1
2020-07-27,91.79768371582033,91.88966654711751,90.50994623863684,90.7326345162056,121214000,0.023700255854745,92.56639535086495,91.37155442010788,85.2835026550293,0.02326846083272104,0.01807414422718885,0.01724574446427422,54.719654207106025,1.9781902687518311,0
2020-07-28,90.28968048095705,91.54595685387366,90.28483461346656,91.3692525913136,103625600,-0.016427464984101747,92.14106968470982,91.59493764241536,85.59962890625,0.02386712683241894,0.01701809732737075,0.01743486289136022,43.75567374951508,1.6984957482903837,1
2020-07-29,92.0203857421875,92.20435141750036,90.73506372270916,90.771370793628,90329200,0.019168361788537647,91.68219757080078,91.80679575602214,85.91527145385743,0.023536984337429467,0.016805798692881912,0.01734515716096231,48.03317799456373,1.598067745995209,1
2020-07-30,93.13385009765624,93.23793283077006,90.7883172670131,91.1949712384762,158130000,0.012100192218149619,91.57016100202289,92.03686487107049,86.26199401855469,0.02389166328330267,0.016890837172471015,0.01732545085703659,50.706965166738435,1.5899966073569658,1
2020-07-31,102.8838882446289,103.03396237192648,97.62156512089064,99.61611941491957,374336800,0.10468844718380255,92.81329345703125,92.73917534237816,86.7742349243164,0.04670341699518428,0.027884228183587798,0.02232210872714103,68.77005767172159,2.3433342670728905,1
2020-08-03,105.476318359375,108.09053052398436,104.46452205826068,104.76224738585148,308151200,0.025197629667553345,95.03917585100446,93.56493486676898,87.34984603881836,0.0387555126414936,0.02807545721567768,0.022398518994339457,69.9194534610014,3.1136549581454602,1
2020-08-04,106.18071746826172,107.26997389606046,104.94380243901392,105.6651349105181,173071600,0.006678267878925448,97.39750344412667,94.31196957542782,87.92966949462891,0.03786887283575082,0.02777934325285089,0.02239850193807427,69.97984445712018,3.737890699630384,1
2020-08-05,106.56558227539062,106.8850992523654,105.43759589570148,105.90234853375506,121776800,0.003624620517787891,99.50720323835101,95.09070151192802,88.52764678955079,0.0387353349465592,0.02768357696601046,0.022319568800320277,73.28458872516018,4.215068707349602,1
2020-08-06,110.2835693359375,110.77736760867772,106.30899814130088,106.8971947883488,202428800,0.03488919199952112,102.36347307477679,95.94643002464657,89.19330307006835,0.03488245928197545,0.028109696132554554,0.02266505955769092,76.85663375654828,4.837482710166384,0
2020-08-07,107.77621459960938,110.26177241107231,106.98083639595372,109.80588355038324,198045600,-0.02273552398989198,104.6143057686942,96.66385759626117,89.80813461303711,0.04014523592992465,0.02893635584395826,0.023045278996030902,69.46436304632314,5.06998409853324,1
2020-08-10,109.34270477294922,110.35875275642206,106.69710077257368,109.21903076531764,212403600,0.014534655713780431,106.9298564365932,97.44815608433315,90.45579666137695,0.04004051010614561,0.028942018223885566,0.023040217779070622,73.74886731604471,5.319327888448527,0
2020-08-11,106.09085845947266,109.10504953060088,105.83138875528,108.60794103965802,187902400,-0.0297399476282304,107.38799503871373,98.09800756545295,91.01949295043946,0.023706959146074284,0.029997922060007426,0.023614113107530834,66.79088879924699,5.194657044846139,1
2020-08-12,109.61669921875,109.87374158525866,106.9856448140767,107.17963653963834,165598000,0.03323416183519945,107.97947801862445,98.84290895007905,91.64649291992187,0.025026566880927543,0.030480748513746426,0.023913386390709314,78.41608290596524,5.319045737409468,1
2020-08-13,111.55665588378906,112.55815472074356,110.50665541102484,110.99406946976316,210082000,0.017697638032027507,108.74746922084263,99.64941224597749,92.30367462158203,0.025435443815706633,0.03055594278454247,0.023959585694007413,80.04537166301034,5.510639737769495,0
2020-08-14,111.4572296142578,111.54695097773372,109.65065103503774,111.38205726105852,165565200,-0.0008912625494514881,109.44627598353794,100.50662485758464,92.97242309570312,0.025602630580180134,0.03027121865919501,0.023879823722738953,78.580897590781,5.5900182437554236,0
2020-08-17,111.16624450683594,112.60180865121056,110.54061480830164,112.57755783182,119561600,-0.0026107333586966597,109.57237243652344,101.35897173200335,93.5909098815918,0.022453982387116767,0.030282089889080797,0.02372486752067401,81.46355328847255,5.565292982112382,1
2020-08-18,112.09258270263672,112.51694618501556,110.58427334354064,110.91891544512356,105633600,0.008332908968097907,110.18899645124164,102.16183326357887,94.21843551635742,0.01981370701130241,0.03015162602091506,0.023725464418853655,81.0029585289797,5.556395120580007,1
2020-08-19,112.23322296142578,113.64453639963617,112.13865437862,112.4999671955,145538000,0.001254679439068207,110.60192762102399,103.0339816865467,94.79779632568359,0.019470097235097163,0.02977868883182933,0.02346687849390192,80.41437238016397,5.497322285373073,1
2020-08-20,114.72364807128906,114.83762028422797,112.25748652761663,112.27446284451048,126907200,0.0221897317402997,111.83518327985492,104.01215725853329,95.38412139892579,0.013493636310618102,0.029879686641957056,0.02341223243702283,74.52414627940752,5.587058992645936,1
2020-08-21,120.63562774658205,121.1181872782855,115.6693599025852,115.6814816133098,338054800,0.051532354267703306,113.40931592668805,105.47598993210565,96.17069519042968,0.01906835148899635,0.02835402416107786,0.022937350405167027,77.60400328420457,6.065306256001094,1
2020-08-24,122.0784683227539,124.91807177754512,120.21612051624736,124.83319019483912,345937600,0.01196031888027993,114.91243198939732,107.01913488478888,96.97208679199218,0.019002572793774763,0.02809632564819654,0.022943535872013227,78.19052479088617,6.4859794996804965,0
2020-08-25,121.07693481445312,121.42127865068156,119.35765773569334,120.95326822987052,211495600,-0.00820401436928997,116.28667558942523,108.41338493710472,97.73316284179687,0.020071517261417083,0.028471562184735736,0.02305220385586133,75.18139033887597,6.661758091648281,1
2020-08-26,122.72348022460938,123.17936898693924,121.32671591454528,122.39126546065717,163022400,0.013599166618146752,117.93770926339286,109.95785159156436,98.48316345214843,0.01900277587619311,0.027627445752127704,0.022910679481839447,73.2589495354555,6.854907242385963,0
2020-08-27,121.25640106201172,123.65708422717836,120.11425182681508,123.32486945527224,155552400,-0.01195434777365012,119.246826171875,111.35004279727028,99.20619522094727,0.021466241799012405,0.02822498936938682,0.023043316833947076,76.22407721674435,6.811084367544325,0
2020-08-28,121.05998992919922,122.64589153107448,120.8368927318248,122.22880256231409,187630000,-0.0016198001185278033,120.50779288155692,112.6798589797247,99.92462066650391,0.021720493855739143,0.028419306610056334,0.023057522281196886,74.07808294431499,6.683462886717052,1
2020-08-31,125.1653823852539,127.06653708598974,122.2166692582802,123.74922926791106,225702700,0.03391205020300836,121.99946921212333,113.74088251023065,100.73488449096679,0.0231268770047224,0.019919963992248938,0.023280332592896247,87.86822574293417,6.834805422315796,1
2020-09-01,130.15106201171875,130.75245576113278,126.61066398001222,128.7737011544299,151948100,0.03983273594865966,123.35881696428571,114.9158703031994,101.60056610107422,0.02007852355672621,0.020733587904642907,0.023575040619251062,88.53290131495308,7.273207146365394,0
2020-09-02,127.45450592041016,133.83693302305636,123.18662864355862,133.45864396806553,200119000,-0.02071866375601139,124.12682233537946,115.92890784853981,102.37523345947265,0.02336802251601149,0.021804687594808175,0.023852021826489003,79.00873507251477,7.318688841440988,0
2020-09-03,117.25039672851562,124.97138507910604,116.88180945410002,123.0993432850938,257599600,-0.08006079595386417,123.58017403738839,116.43770853678386,102.9771403503418,0.040418474002118523,0.029215848765393546,0.026664535318397416,57.7228809935774,6.456915774224413,1
2020-09-04,117.3280029296875,119.98572845730746,107.56036930998825,116.46472703859588,332607200,0.0006618843375989503,122.80939156668526,116.77315775553386,103.55745895385742,0.03977786435298817,0.02840699063255705,0.026656818698208455,58.26124990435929,5.714345167533111,0
2020-09-08,109.43242645263672,115.41716207276087,109.29663073421304,110.52849400857392,231366600,-0.06729490215377187,121.12025233677456,116.8520249866304,104.03413482666015,0.0462064802738201,0.03190159440744547,0.02814630480831983,46.995014097937144,4.437591780445757,1
2020-09-09,113.79729461669922,115.56264615107492,111.79915150644727,113.73909857280783,176940500,0.03988642402945941,120.08272443498883,117.06414831252326,104.55865341186524,0.050468527018191545,0.03289481288769751,0.028461834405098373,51.61289053624444,3.7349101850695234,0
2020-09-10,110.08230590820312,116.88182317054356,109.122034080383,116.74602745349068,182274400,-0.032645668080328316,117.92799922398159,117.25421723865327,104.99425155639648,0.04750888987925216,0.033042669977679975,0.028968417484077892,45.33169054268876,2.8454607169594652,0
2020-09-11,108.63703918457033,111.77005705290505,106.6970920562744,111.1298709484181,180860300,-0.013128964838708956,114.8545673915318,117.20756676083519,105.40428497314453,0.04063378184626321,0.03241467426710601,0.02906505198927883,36.74026576480945,2.0008797629428727,1
2020-09-14,111.89614868164062,112.4490333059739,109.41301877590674,111.27536620520716,140150100,0.02999998454977404,112.63194492885044,117.22373308454242,105.87950057983399,0.04568221017203335,0.03285709967318721,0.029276945538888627,39.18172189840934,1.5763549324916823,1
2020-09-15,112.07074737548828,115.2619613147954,110.1986980858738,114.77697452888816,184642000,0.0015603637471421905,111.89199502127511,117.25294821602958,106.31105575561523,0.036562337508443406,0.032855636952871387,0.029114902303496566,40.260166948434424,1.2397139505078911,0
2020-09-16,108.76313018798828,112.51693044540818,108.67583612168843,111.77005407703663,154679000,-0.029513653339153456,110.66844177246094,117.13851420084636,106.68207412719727,0.037434869591436146,0.0335125865485363,0.029496439336785037,35.426045470655936,0.6979805969535562,0
2020-09-17,107.02688598632812,108.83103751673956,105.44583164529509,106.42550707639862,178011000,-0.015963536528042166,110.32479313441685,116.8972905476888,106.97634643554687,0.02828817755063731,0.03361179015007564,0.029499596222731145,35.228066729447605,0.12708762754688507,0
2020-09-18,103.6319808959961,107.5506753180143,102.9045006607274,107.08509211161685,287104900,-0.03172011461461843,108.8726054600307,116.48770759219215,107.19478134155274,0.022652717113430063,0.03423364016381636,0.0299137573697405,33.03431217310032,-0.5924601206762361,1
2020-09-21,106.7747039794922,106.88140167582652,100.0042844680874,101.40104892896449,195713800,0.03032580344720137,108.40009089878627,116.10918644496373,107.47282669067383,0.025855254691576363,0.03457991503520053,0.030167785324359084,31.755224674989094,-0.8987551176584816,1
2020-09-22,108.45277404785156,109.47124955280064,105.88234925973728,109.29665396338974,183055400,0.01571598895447801,108.37376730782645,115.529050554548,107.79300262451171,0.026461018377421364,0.03259032946346915,0.030196787250851054,26.96192806968486,-0.9946244674744946,0
2020-09-23,103.903564453125,108.7437301678862,103.56406780634411,108.26844522282776,150718700,-0.04194645673811315,107.23196956089565,114.66357894170852,107.9915985107422,0.026862213009139498,0.03333994838597338,0.030813485522164796,25.94136989589738,-1.4213009403572556,1
2020-09-24,104.97056579589844,106.93961142539536,101.847248976567,102.012142746454,167743300,0.010269150518458003,106.21765790666852,113.89660898844402,108.19860809326173,0.027687748583219977,0.033552624257406585,0.03082710518870047,34.5760936936412,-1.6542775462936419,1
2020-09-25,108.90863037109376,109.06382969318264,104.43705165768294,105.17423363698332,149981400,0.03751589357775198,106.23844364711218,113.23875899541946,108.50766540527344,0.030815401218392904,0.03464735198008564,0.031140967679908545,40.35984516266098,-1.5038093079513715,1
2020-09-28,111.5081787109375,111.85736984450416,109.39363569114488,111.55668035738763,137672400,0.023869075673673246,106.87862832205637,112.77455793108258,108.87248977661133,0.0309246602159803,0.03517041860494124,0.03126164441812722,52.70475947719098,-1.1614122814797128,0
2020-09-29,110.66427612304688,111.8476450098202,110.1598931452358,111.11047045765872,99382200,-0.007568077944114515,107.88324192592077,112.27952394031342,109.18112548828125,0.027086153176012054,0.03517945181419161,0.031205824815238373,45.505156169310006,-0.9472368998709157,1
2020-09-30,112.3326416015625,113.73910777869786,110.2084044241761,110.37329816208845,142675200,0.015075917332713518,108.67723301478794,111.66844104585194,109.54941619873047,0.025734018203090455,0.03440500346361899,0.031146547329660747,53.42990598562528,-0.6355519684169622,1
2020-10-01,113.28321075439452,114.18528644364022,112.35203704296524,114.10768678427674,116120400,0.008462092044480007,109.36729540143695,110.8652100335984,109.93144119262695,0.02549587739530403,0.03303469438194779,0.031152167857043056,57.19000587259234,-0.3082827367850456,0
2020-10-02,109.6264190673828,111.90586307346008,108.8504445847348,109.50032515653432,144712000,-0.03228008513053082,110.18484606061661,110.01625351678757,110.32606674194336,0.022521232728725745,0.03338571400591164,0.03077524469614992,46.5302730174488,-0.34007190370928697,1
2020-10-05,113.0019302368164,113.14742776439395,110.14051092914184,110.4897020352033,106243800,0.030791037399103827,111.33218383789062,109.81394558861142,110.79265686035156,0.02415643631604329,0.029757744403419842,0.030981594194223215,51.29660421680015,-0.09183093660153929,0
2020-10-06,109.76223754882812,112.63335907710524,108.87955784841913,112.22596446136347,161498200,-0.028669357073803137,111.4541277204241,109.45367104666573,111.15194793701171,0.024914972254515725,0.030342196858386596,0.031224383654734098,51.393820676888836,-0.15473066754924503,1
2020-10-07,111.62457275390624,112.08046156708008,110.7030933186814,111.17838574960965,96849000,0.01696699381014022,111.4707554408482,109.55805896577381,111.5786457824707,0.023996409456505205,0.026733551632320395,0.031134295103277587,56.39159005104972,-0.053685418541363106,0
2020-10-08,111.51787567138672,112.90493833599004,111.14928093514196,112.75944080327828,83477200,-0.000955856581460357,111.59269823346817,109.44951520647321,111.96859558105469,0.023759590122070646,0.02522820196836678,0.031073790881490888,62.065882928646914,0.01758143855489891,1
2020-10-09,113.45781707763672,113.48691510258756,111.46936816913345,111.81855926916631,100506900,0.017395788743021612,111.75343758719306,109.6102538335891,112.3750749206543,0.023998075321665802,0.024405766815999597,0.031109844348659037,60.616305622744704,0.22797009759266018,1
2020-10-12,120.66473388671876,121.42131221454332,115.69846570876324,116.4550440365878,240226800,0.06352067221732738,112.80794089181083,110.18300120035808,112.7306918334961,0.03366855777135155,0.027596459967196275,0.028866067906474363,66.50062058528823,0.9651173098414034,0
2020-10-13,117.46381378173828,121.62500184957032,116.05735487456656,121.50860234126792,262330500,-0.02652738709874869,113.92756870814732,110.44812810988654,112.97044174194336,0.032528596907116,0.027830180938362294,0.029002985558810025,69.01524477071648,1.276311757674975,1
2020-10-14,117.55110168457033,119.33584953717632,116.02824344500344,117.36680433445795,150712000,0.0007431046210897296,114.57745034354073,110.70909736269996,113.19784942626953,0.031344187969648045,0.02783239932040107,0.02899797675746413,68.13983512881057,1.5125433457172335,0
2020-10-15,117.08552551269533,117.56081055796656,114.6023951860236,115.15527990408135,112559200,-0.003960627890364665,115.62363433837892,111.10540190197173,113.40824829101562,0.02799236562815556,0.026899166968599786,0.029011555675436722,63.102295415769966,1.6432481335128273,0
2020-10-16,115.44625091552734,117.90029026113083,115.24255735409358,117.63839325335096,115393800,-0.014000659688632844,116.16958836146765,111.5063240414574,113.51150192260742,0.029060285609063197,0.026830160977793317,0.028713126695313427,56.51054851362713,1.5961573511453935,0
2020-10-19,112.4975357055664,116.80421323996534,112.18714446524658,116.358026294525,120639300,-0.02554188799182855,116.30953979492189,111.9284933181036,113.60592834472656,0.031322296961433516,0.026450618715391314,0.02876381246680856,52.83360003962269,1.305847891217951,1
2020-10-20,113.98161315917967,115.4074757022461,112.15805784138064,112.71094256212962,124423700,0.013192088558254822,116.38436780657086,112.2716794695173,113.69870651245117,0.031009079615563775,0.025863738154054634,0.028751797837162314,52.563356294356495,1.1819039472186716,0
2020-10-21,113.3608169555664,115.14556482205543,112.95342242055368,113.16681779596242,89946000,-0.005446459182379737,115.34095110212054,112.5053957984561,113.84410568237304,0.0143235587294508,0.02577329457937903,0.028420958935896332,50.121889960638626,1.0218056734584309,0
2020-10-22,112.2744369506836,114.49567723930028,111.14926409518417,113.92338900408984,101988000,-0.009583381930889145,114.599611554827,112.90400877453033,113.89726043701172,0.012083346934665068,0.023885996323226195,0.02809539947610138,54.52434192705545,0.7980652514794713,0
2020-10-23,111.58577728271484,113.05043966735408,110.84859518576692,112.89524032049675,82572600,-0.0061337174041784515,113.74742235456195,113.2190188453311,113.89784286499024,0.011681409929946497,0.023937680367230523,0.028006087259575912,47.33578180331709,0.5587394744046605,1
2020-10-26,111.59546661376952,113.05042702646372,109.49061825916864,110.58669317293084,111850700,8.68330291783348e-05,112.96312822614395,113.34696342831566,113.90060760498046,0.011973852716836892,0.022610238101731822,0.028005513843887945,53.92600352986577,0.36563906037712,1
2020-10-27,113.09893035888672,113.75851276167866,111.10078693291936,112.02225897491292,92276800,0.013472444631829728,112.62779671805244,113.42271350678944,113.93926132202148,0.013602575755287952,0.02220386284895807,0.028062391819723382,53.20674314293919,0.3301171651184518,0
2020-10-28,107.8610610961914,111.96405267029792,107.7640652164908,111.59546536731106,143937800,-0.04631227940064908,111.96544320242744,113.28922707693917,113.85463088989258,0.020093839268031575,0.024440289034938778,0.028814414155521405,43.49774044900166,-0.11931112323505033,1
2020-10-29,111.85735321044922,113.41901126991604,108.83103296967955,108.99593410290058,146129200,0.03705036899918768,111.66197749546596,113.26659429640998,113.84711349487304,0.025224196857745917,0.02560297360765815,0.02929598935267583,47.34811077417225,-0.15127509931782868,0
2020-10-30,105.5913314819336,108.6273463236584,104.48556211975593,107.72527053869118,190272600,-0.05601796885651933,110.5520509992327,112.90031433105469,113.66446716308593,0.03244702342346847,0.028277733811004527,0.030180949454050816,24.220300514654227,-0.6744477529472732,0
2020-11-02,105.50402069091795,107.35667373960923,104.09756199136386,105.8338155489353,122866900,-0.0008268746097834789,109.58484867640904,112.70400964646112,113.36183502197265,0.032617644374200096,0.027468644369657333,0.029206313568609095,27.107301682990695,-1.083619806749951,1
2020-11-03,107.12388610839844,108.14235394209176,105.46523215040254,106.36730788899447,107624400,0.015353589435477488,108.9474356515067,112.42410278320312,113.06274337768555,0.03385231202481792,0.026759675563528127,0.02924393636943498,31.14699734927153,-1.2626272252094424,1
2020-11-04,111.49848175048828,112.1192643704232,108.97655143196364,110.71280536595152,138235500,0.040836790010242874,108.93358067103794,112.50678107852028,112.87117431640625,0.03816483982805762,0.027607113794303733,0.029854031842947912,41.14938094433513,-1.0395156958561955,1
2020-11-05,115.4559555053711,116.02824377297978,113.3608163942021,114.408382249631,126387100,0.035493521461026356,109.27029854910714,112.68922787620907,112.72582382202148,0.040261569841523834,0.028423132980421515,0.030233772228951506,50.01432149228148,-0.5371709708069403,0
2020-11-06,115.32479858398438,115.82033327578648,112.83737692583377,114.96528648231298,114457900,-0.0011359909570071158,110.33654676164899,112.8705099196661,112.60719177246094,0.034060566796034024,0.02842409435405379,0.030190763853785853,54.550757385041415,-0.14793709766465213,0
2020-11-09,113.02200317382812,118.53124107554255,112.75966168887598,117.08348880826458,154515300,-0.019967911831896723,110.50292532784599,112.84975687662761,112.44643203735352,0.033353960505378706,0.028580103342958157,0.030315263901228923,48.49507739622476,-0.0249946702560635,0
2020-11-10,112.6819076538086,114.25597110360664,110.89407325748324,112.2738176789038,138023400,-0.003009108938694549,111.51586478097099,112.46962229410808,112.19676254272461,0.022122830764573387,0.02462423835226751,0.029896309795904664,48.9258331655438,0.044482456974236584,1
2020-11-11,116.10213470458984,116.23816473460168,113.13861486438256,113.867350345052,112295000,0.030352938834592447,113.02988106863839,112.40478043329148,111.91578399658204,0.022816886254899253,0.025027720848400367,0.029656921825835788,55.639663345020985,0.37124780621159914,0
2020-11-12,115.83003997802734,117.1126137436234,115.20818648034916,116.22841881317537,103162300,-0.002343580738242368,114.27361733572823,112.3228251139323,111.68329467773438,0.023607257576072575,0.02503062965836451,0.029531877666611066,56.3311388274583,0.601324237754838,1
2020-11-13,115.8786392211914,116.27701069114,114.52805029862242,116.0535360017511,81581900,0.0004195737407435285,114.89935411725726,112.2653543381464,111.6558595275879,0.019872188622696556,0.025017739599627397,0.027267923654041158,56.381772314900374,0.7786077150538802,1
2020-11-16,116.88916015625,117.559591677798,114.80011721095168,115.54828228699444,91183000,0.00872051088837611,115.10409763881138,112.33406430199032,111.64708267211914,0.015208555552477555,0.02488170056681555,0.027294931438911058,55.73149725938735,0.9892433605771345,0
2020-11-17,116.00494384765624,117.24865091924096,115.5871353083196,116.16041093814378,74271000,-0.00756457063607785,115.20126124790737,112.50108373732795,111.77853302001954,0.01560861896516288,0.024227544279239135,0.02552632690297627,64.18238205717776,1.072462085465915,0
2020-11-18,114.68348693847656,116.42273584755772,114.65433871642078,115.2470439418146,76322100,-0.011391384413021899,115.43861607142857,112.53450629824684,111.79625686645508,0.013941065328578426,0.02424067779217102,0.02497621206264257,55.42726804149389,1.0200247850257966,1
2020-11-19,115.27621459960938,115.68430461397098,113.49809857736044,114.25598215062608,74113000,0.005168378438395349,115.80923134940011,112.62571570986793,111.9001350402832,0.013776471546709768,0.02421952392224484,0.024521660529969836,73.78043091946643,1.014600334172755,0
2020-11-20,114.01305389404295,115.40250938194856,113.96447599254086,115.2761979423492,73604300,-0.010957687238028924,115.5107912336077,112.70850699288505,112.00765533447266,0.007847107395412696,0.02425161179624936,0.02449764754279726,69.75263162741862,0.8980230547507233,0
2020-11-23,110.62203216552734,114.2851462584726,110.52486892820644,113.85761911856476,127959300,-0.02974239889817376,114.76679011753627,112.66261436825707,111.9821730041504,0.012915308894801473,0.02513079584898511,0.024524219383137584,57.50348491984603,0.5259448426182445,1
2020-11-24,111.90460205078124,112.56532241854126,109.39775058959653,110.68033196208322,113874200,0.011594163116934508,114.19907052176339,112.67733510335286,111.97885009765625,0.01450301140900161,0.025260429835530594,0.024577694478728294,51.00434749959337,0.3307501676330702,1
2020-11-25,112.74020385742188,113.43979090606146,111.90458681744444,112.27381743371453,76499200,0.007467090640842944,113.60636247907367,112.66025288899739,112.05839157104492,0.014313581554146594,0.025139189723323054,0.024217024438822298,42.05746151329926,0.24070832801619702,1
2020-11-27,113.28433227539062,114.158816151439,112.92482759135008,113.26490259506916,46691300,0.004826391999937174,113.21770368303571,112.9185038975307,112.18354049682617,0.014712967952733158,0.022779365445854897,0.024097904661104595,44.1731649417334,0.21082586789204072,1
2020-11-30,115.6745834350586,117.54014397849063,113.49808872130924,113.65355580646788,169410200,0.02109957406870122,113.35928889683315,113.10027676536923,112.42439254760743,0.016719694460214516,0.021818414269098318,0.02377092523876194,57.53716456291127,0.37568641622534926,1
2020-12-01,119.24051666259766,119.96925188593028,116.60735427852516,117.57900124296866,127728200,0.030827283934339977,113.92561776297433,113.75023796444847,112.67370880126953,0.02015574664451291,0.018243664661665295,0.023783017487752044,65.7488436375148,0.7850312467035678,1
2020-12-02,119.59031677246094,119.87209529729247,117.46240743053764,118.5603658923336,89004200,0.0029335675461141797,114.72236960274833,114.42101396833148,112.89645965576172,0.01896982812193294,0.01819207060742082,0.0237065034415716,59.824712126219644,1.1247010657088907,0
2020-12-03,119.4542999267578,120.27047995352808,118.74499426371094,120.01784962535092,78967600,-0.001137356680490531,115.98412214006696,115.0081765311105,113.20747436523438,0.011242775284804425,0.018130378199574478,0.022841151260946907,60.28683847524752,1.3671566904494767,0
2020-12-04,118.78385925292967,119.3765645833526,118.07455360054388,119.12393425897255,78260400,-0.005612528592434107,116.96687316894531,115.35509926932198,113.483740234375,0.012875879894467654,0.016329353161958327,0.022849117225757515,57.96481111881294,1.488052220861647,1
2020-12-07,120.2413330078125,121.038083362331,118.7838623046875,118.84215876062711,86712000,0.01226996465722996,118.03846304757255,115.58297438848587,113.71039428710938,0.012931482988296729,0.014737878196180198,0.022337979079993023,58.9703207850868,1.6820787938434592,1
2020-12-08,120.85345458984376,121.43644873670094,119.60002903502644,120.84374345698704,82225500,0.005090775083069765,119.11976623535156,115.84624372209821,113.8972998046875,0.012916564682942505,0.01473344623160913,0.022123500223483927,63.1662101856725,1.8637551376939,0
2020-12-09,118.32717895507812,122.37894545635208,117.5692954268489,120.9992083965974,115089200,-0.02090362781386257,119.49870845249721,116.09887114025298,114.05055786132813,0.015950299474545567,0.014805508745245154,0.022318884409959182,59.28682989357942,1.7833285172798128,1
2020-12-10,119.74576568603516,120.35790799685957,116.74338022789216,117.08345517108472,81312200,0.011988680398571594,119.57088688441685,116.43524533226376,114.19882034301757,0.011514456810094444,0.014898504683298825,0.022285041655084867,60.93153527358084,1.8131569895983404,0
2020-12-11,118.93932342529295,119.27939842297664,117.13205925122674,118.95875310526962,86939800,-0.006734620269218006,119.47788783482143,116.57034955705915,114.31194259643554,0.011773418913216725,0.013639579495247998,0.022292087012615466,62.32389151091041,1.751532541246263,0
2020-12-14,118.32717895507812,119.85266455789508,118.09398573402578,119.12392925566252,79184500,-0.0051466954122983966,119.3168705531529,116.68926093691871,114.48595779418946,0.011894024252907665,0.013690015374619122,0.021784462737643614,72.38854707622698,1.634458755981811,1
2020-12-15,124.25422668457033,124.27366377761383,120.61055011219938,120.81459511068267,157243700,0.05009033243108374,120.09835161481585,117.08809843517486,114.71100372314453,0.022461411702593227,0.017363598032508414,0.02246953455473667,78.25708220737229,1.9969208940277667,0
2020-12-16,124.18621063232422,124.73033062366706,122.9716517851633,123.79755773169585,98208600,-0.0005473942743112747,120.66190556117466,117.43557702927362,114.99948318481445,0.02245077265108962,0.017341260212854263,0.022030094552336198,77.1429481211356,2.252718486402813,1
2020-12-17,125.05097198486328,125.9060261306018,124.4096813755594,125.24529842903368,94359800,0.006963424909544491,121.26155090332031,117.86634027390252,115.26801116943359,0.022465495740038872,0.017186592312676365,0.021943220019415042,77.4853268616003,2.4964415115555596,0
2020-12-18,123.0688247680664,125.43964605507789,122.5441344465272,125.30361605465058,192541500,-0.01585071419546269,121.93892887660435,118.26564207531158,115.4990301513672,0.021553316675312163,0.01740876517916066,0.02209182164077885,67.60767779034971,2.5008231178246945,1
2020-12-21,124.59429931640624,124.67203286094654,119.94982751976666,121.47531311924553,121251600,0.012395296300380831,122.63157653808594,118.70936039515904,115.72175979614258,0.021573241020189312,0.017514321870574594,0.022032918219536055,64.12104645270907,2.5974468688396115,1
2020-12-22,128.14083862304688,130.5991048748753,125.97405467288996,127.87848972538272,168904800,0.028464699637936297,123.94607870919364,119.38211204892113,115.87128189086914,0.022234630137268636,0.017954666277651278,0.020546527976859137,69.29836463934652,2.9264635202347193,0
2020-12-23,127.24696350097656,128.67527169014238,127.07205924085233,128.41293753920243,88223700,-0.006975723989912641,125.22033364432198,120.17377544584728,116.0669448852539,0.022464326770822208,0.01631847170308306,0.020186884318364143,67.00612313671895,3.079583809792382,1
2020-12-24,128.22824096679688,129.6760001670091,127.38291291879534,127.59667642019996,54930100,0.007711598287473365,125.78804997035435,120.95109158470517,116.28048767089844,0.01428450736535363,0.01628356755656055,0.020203479049249094,70.33482731000747,3.2427334207102234,1
2020-12-28,132.81443786621094,133.44600251933943,129.72459253226933,130.19099379190865,124486200,0.035765887957564635,127.0206538609096,121.9070074898856,116.59506591796875,0.01817105434390509,0.01748311073156394,0.020740681599884417,73.85706336030402,3.699453427841732,0
2020-12-29,131.04603576660156,134.85489050709643,130.53106400488656,134.13588116304936,121047300,-0.013314833296894646,127.87709154401507,122.75280289422898,116.90706161499024,0.020198603046758027,0.018084427786463225,0.02072961166558572,68.5271238706592,3.8740543664762868,0
2020-12-30,129.92861938476562,132.13426190963798,129.6176852728213,131.73588313851724,96452100,-0.008526899538007449,128.85706220354353,123.4315665108817,117.25568328857422,0.01897739969668604,0.01809437641244109,0.020392632403087613,72.22640582794465,3.8775625772090336,0
2020-12-31,128.92787170410156,130.91975146585497,127.9853727167279,130.27846074381847,99116600,-0.007702288267225299,129.47614397321428,123.8928691319057,117.55460845947266,0.019696173420884186,0.017357802071203198,0.02039545922155588,67.87759213997175,3.756290704229201,0
2021-01-04,125.74085235595705,129.82176713240116,123.16598610776016,129.7343224533574,143301900,-0.024719397799871756,129.13328879220145,124.18575177873883,117.80220916748047,0.01941917791121478,0.01844695281206812,0.020731362829605016,62.11915650268356,3.3642352351852765,1
2021-01-05,127.2954559326172,128.00476884946957,124.78860513373438,125.23556923440636,97664900,0.012363552079790674,129.14021628243583,124.55914015997024,118.10262954711914,0.02004800916319268,0.018546976757269813,0.020707257771627584,65.4606673593666,3.142744366862374,0
2021-01-06,123.0105209350586,127.33435496235823,122.7967573877346,124.0987683518539,155088000,-0.03366133508981506,128.39482770647322,124.76040976388114,118.33112442016602,0.023306902305148397,0.02015327773069736,0.02130490440576296,47.72726322144037,2.5915787082074218,1
2021-01-07,127.20804595947266,127.89792197499628,124.2348079857969,124.72063157172194,109578200,0.034123300938056156,127.59391457693917,125.09215799967448,118.64337600708008,0.02282326770498897,0.021252041987697905,0.021775419135647536,54.79794688313582,2.465065402568243,1
2021-01-08,128.30601501464844,128.8695721666665,126.53761000388556,128.67523086681507,105158200,0.008631286227960722,127.20248304094586,125.44704182942708,118.9475177001953,0.02314320601399114,0.021284320244003542,0.021737975719089298,55.13023235120469,2.425440652949675,0
2021-01-11,125.32303619384766,126.47929859092636,124.85664974689551,125.527088604103,100384500,-0.02324893981361842,126.54454258510044,125.7801778884161,119.29675720214844,0.024387504415358845,0.02142209514636837,0.02090418894458177,53.444177476834355,2.1287968474245105,0
2021-01-12,125.14813995361328,126.0129052139805,123.26314235039196,124.85664288048967,91951100,-0.0013955633820094127,126.00458090645927,126.03743380591983,119.56257293701172,0.024382688833130918,0.021338850685864153,0.020333676236042826,50.88263194613824,1.858171979516598,1
2021-01-13,127.17889404296876,127.72301407124304,124.84694682860504,125.10928088256377,88636800,0.016226802013263653,126.21001543317523,126.42979431152344,119.99432418823243,0.02347453676117627,0.021439816368796584,0.01858588631963997,48.38916646608544,1.7869656772636375,0
2021-01-14,125.25502014160156,127.2857588427231,125.10926419379749,127.09143240514112,90221800,-0.015127304855451884,125.91852460588727,126.7596915108817,120.38934417724609,0.02372324223870654,0.021747436967826037,0.018769162662752813,46.77560063527662,1.5573415602639216,0
2021-01-15,123.5352020263672,126.52787663913662,123.39917203606664,125.1287025525268,111598500,-0.01373053242329203,125.99347904750279,126.72545224144345,120.71757049560547,0.020239165731518575,0.019130296307672726,0.01884827231901336,42.58067675455781,1.2224956752424276,1
2021-01-19,124.20564270019533,125.06069683837404,123.340877429049,124.15705738304294,90757300,0.005427122494890302,125.56456429617745,126.72637757800874,120.97171371459962,0.014434221606684023,0.019167740141744403,0.01804685105361259,34.46703995885677,0.9997029053999995,1
2021-01-20,128.2865447998047,128.7335089174472,124.90521758681017,125.01209934367104,104319500,0.03285601210131617,125.56178283691406,126.88045247395833,121.22832550048828,0.019714457174330714,0.02041779842699576,0.017951508234968362,45.404506402323584,1.1392995876244925,1
2021-01-21,132.98931884765625,135.70993338633443,129.80231790485385,130.00637029637122,120150900,0.03665835770376691,126.65696607317243,127.3528569539388,121.58161590576172,0.02083801322751079,0.021389762434263253,0.018589674079967124,54.553360437479995,1.610836803012205,1
2021-01-22,135.12696838378906,135.88485193048166,131.19179469063414,132.4160646907934,114459400,0.016073843784263353,128.08251299176897,127.85441262381417,122.02371520996094,0.020469971650199262,0.02147756305238495,0.0183775721300675,58.92055457698157,2.13244242703297,1
2021-01-25,138.86781311035156,140.97628571065687,132.6686993609781,139.0135690829673,157611700,0.02768392402571873,129.75235857282365,128.36522093273345,122.5474333190918,0.021377046119174913,0.02143389051243632,0.018657896935764393,68.59344731616866,2.815221427720516,1
2021-01-26,139.1009979248047,140.20867499016745,137.36174136904043,139.52852500725305,98390600,0.0016791854730788813,131.73035539899553,128.92969876243956,123.0074105834961,0.018457592507631845,0.02129397054676704,0.0182794002659885,67.37205285748541,3.336681582372563,0
2021-01-27,138.03219604492188,140.20869106595407,136.42898412808006,139.36334793740457,140843800,-0.007683639196180203,133.80135454450334,129.3965537661598,123.45145370483398,0.016956462329626987,0.021441127755729112,0.018331456875675226,74.41563198846454,3.621947575429857,0
2021-01-28,133.2030792236328,137.96415826033868,132.8241374993332,135.564189064389,142621100,-0.03498543788811015,135.08670261928015,129.4150604974656,123.79794250488281,0.025779742211972267,0.021712881235015916,0.01912641583542473,59.54805431513715,3.4189421246975087,0
2021-01-29,128.21853637695312,132.86300755142042,126.51815423658084,131.97880528014946,177523800,-0.03742062777926636,135.07698713030135,129.28041766938708,124.02453002929687,0.029023470040661414,0.023067122048538734,0.019939097682491736,49.87602437214227,2.823302617127098,1
2021-02-01,130.3367462158203,131.5415940017464,127.21775238608966,129.95780442586786,106239800,0.016520308987460375,134.6980481828962,129.2998522803897,124.31116607666016,0.02561530005610858,0.02329322795802482,0.019993037102275964,57.28402161053029,2.4934331027051826,1
2021-02-02,131.16265869140625,132.44522526454475,130.79342801715512,131.88166811874655,83305400,0.0063367584320259684,134.1317182268415,129.40627070835657,124.64074951171875,0.02468014834262166,0.02325024350969639,0.019898127369959842,58.57579576870769,2.2724578902822543,0
2021-02-03,130.14242553710938,131.92054165395052,129.82178018887643,131.91081569341782,89880900,-0.0077783811678995285,132.88523428780692,129.6158694312686,124.93807373046874,0.020358175367918983,0.02259511957414952,0.019951936236947257,54.35092929207844,1.9920460860151934,1
2021-02-04,133.49461364746094,133.50432478243863,130.7739984115147,132.43552171463995,84183100,0.025757842582976087,132.0843222481864,129.91106741768974,125.3277049255371,0.024153161863488825,0.023089396110226708,0.020116858138134845,61.61009150641578,2.017059865423562,0
2021-02-05,133.08103942871094,133.7232884555335,132.20525610000038,133.6551792335879,75693800,-0.0030980592208925684,131.37701416015625,130.39061591738746,125.77688507080079,0.024149655822183754,0.02161056376526306,0.01956755824054341,63.96473257455419,1.9806794430606374,1
2021-02-08,133.22702026367188,133.27567819524438,131.29054743428753,132.37068818260687,71297200,0.0010969318814131324,131.38043430873327,130.67723374139695,126.2033334350586,0.02019844654837684,0.020479075690495323,0.01953951060150396,63.40316194243321,1.9412496124533902,0
2021-02-09,132.35121154785156,134.1709170758531,132.1955269668042,132.9448026300194,76774200,-0.006573806980648356,131.97081647600447,130.86986214773995,126.59555358886719,0.012532449493087175,0.02051664874729759,0.019584824657252392,56.67458784641798,1.8183697095765297,0
2021-02-10,131.7478790283203,133.3048434386966,130.78450562896475,132.80855342312873,73046600,-0.0045585719426007865,132.17240687779017,131.1758070446196,126.96482452392578,0.011697978431143978,0.019773087471562957,0.01961582052430564,47.64427133370743,1.6532450295870547,0
2021-02-11,131.49488830566406,132.72098784651604,130.17147291387968,132.24416393424983,64280000,-0.0019202641023303713,132.21986825125558,131.47803315662202,127.2812306213379,0.011555886086586972,0.019778679417826756,0.019456921946495023,42.576902926427664,1.4848518462541733,1
2021-02-12,131.7284393310547,131.88413877300763,130.09363973549668,130.73588879731562,60145100,0.0017761224668120246,132.44644165039062,131.6946781703404,127.53098907470704,0.010976144399667287,0.019528661631557732,0.019030506899683993,32.96696095862583,1.3546293274774825,0
2021-02-16,129.60704040527344,132.35117148769072,129.21779194968602,131.84517076789257,80576300,-0.016104335074143217,131.89107404436385,131.90191723051527,127.73132354736327,0.0060230069586264595,0.01957226267020397,0.01920458732166964,29.22151305225981,1.067937361963601,0
2021-02-17,127.32025146484376,128.66313264506522,125.98711077615506,127.71922556162116,97918500,-0.017644017896551123,131.06810433523995,132.0821576799665,127.888642578125,0.007821290206458298,0.019745495319433284,0.019396849227586742,27.742458310981263,0.6487290135413843,0
2021-02-18,126.220703125,126.5028953583098,123.9825720066899,125.72441303259558,96856700,-0.008636083633147495,130.06720188685827,132.17811293829055,128.0373794555664,0.007126518019280892,0.01984826585414092,0.01942404149290554,32.8308368596134,0.2251832432111769,1
2021-02-19,126.37635803222656,127.1937724488316,125.33514985915804,126.73641474669596,87668800,0.0012331963249516686,129.2136513846261,132.08715166364397,128.1600799560547,0.007895325569012804,0.01845778937062022,0.019360592799050513,44.05947171029389,-0.09680388616575897,0
2021-02-22,122.61048126220705,126.23041094448013,122.22124015432108,124.56640502266376,103916400,-0.029798902489809098,127.90830884660993,131.5929213024321,128.19522048950196,0.011687055165735469,0.01742740776361487,0.019839532016326225,27.478175315366542,-0.648381648543392,0
2021-02-23,122.47423553466795,123.30136816472336,115.205185125388,120.43072920624994,158273000,-0.001111207835876038,126.61964416503906,130.99041021437873,128.27816162109374,0.011785665643529186,0.016845417172417027,0.019600163074048344,23.612549649861577,-1.0840091084601085,0
2021-02-24,121.97797393798828,122.18232386351376,118.94190941685854,121.5790071569596,111039900,-0.0040519672934737905,125.22672053745815,130.18613215855189,128.32280578613282,0.010990800638330953,0.015148586508326222,0.019545769895040876,24.388768240982245,-1.452547113446684,0
2021-02-25,117.7352523803711,123.05810538980376,117.29736077604736,121.32599026278942,148199500,-0.03478268592798661,123.53075081961495,129.16871570405505,128.29872436523436,0.014255057136210454,0.016267156654618167,0.020152349043472018,3.18000713538693,-2.0631851947310196,1
2021-02-26,117.99798583984376,121.49140765726708,117.93959485190196,119.29220185674814,164560400,0.002231561526057302,122.1989985874721,128.21470569428942,128.2921405029297,0.015246700646782267,0.016413397766774675,0.02014094252706248,4.7840116076951205,-2.4971344674063403,1
2021-03-01,124.35232543945312,124.48855870917816,119.48683030882653,120.42100448300808,116307900,0.05385125478526365,121.93208748953683,127.79324122837612,128.29410247802736,0.02886709095431542,0.019983703351964744,0.020337350378868954,30.61214489389235,-2.3017669555175218,0
2021-03-02,121.75415802001952,125.25731317881322,121.6471165286429,124.95565484356456,102260900,-0.020893597367414363,121.27177320207868,127.48541368756976,128.24546142578126,0.029682652917682142,0.01885735765938161,0.0205553512349326,28.469685466192487,-2.329731497262941,0
2021-03-03,118.77645111083984,122.3282636330786,118.56236816181614,121.45247312532506,112966300,-0.02445671636684521,120.72405460902623,126.93492344447544,128.11997100830078,0.02899764981766546,0.018933238550331976,0.020810907634068808,25.96458142779794,-2.562629264920986,0
2021-03-04,116.89839935302734,120.2750546242128,115.42902496763868,118.47482266404644,178155000,-0.015811650712311165,119.92750658307757,126.25567299979073,127.9965625,0.029269961914364175,0.01893125319871569,0.02081033248363101,24.489732242266,-2.8657113682401416,1
2021-03-05,118.15369415283205,118.65970985611862,114.407264000797,117.72553558561702,153766600,0.010738340360108456,119.38118089948382,125.68478102911087,127.86775039672851,0.029982211721121043,0.019238709455272535,0.020790172968348924,27.093515136206705,-2.9703737002779746,0
2021-03-08,113.22981262207033,117.74499188213018,113.08384627126932,117.67687524164398,154376600,-0.04167353010895003,118.737546648298,124.71979050409226,127.56952987670898,0.03124186266582383,0.019574940442670028,0.021135201889398957,24.75242843371616,-3.4113119605931246,1
2021-03-09,117.83255004882812,118.77645723226702,115.59442688495044,115.827968557669,129525800,0.04064951906368042,118.71391296386719,123.99367196219308,127.38124160766601,0.03579616471791439,0.02222906719110777,0.021974515298401023,36.34832533784153,-3.3507311224024647,0
2021-03-10,116.75242614746094,118.88350799775948,116.23667741969722,118.41642461584055,111943300,-0.00916660040811812,117.62821306501117,123.20916748046875,127.1517253112793,0.026920306303769327,0.02218853035294079,0.021962886956943824,36.3686550219415,-3.3512462627051463,1
2021-03-11,118.67916870117188,119.89554261056912,117.99800228157228,119.24356797692992,103026500,0.016502805271707333,117.18892887660435,122.55811782110305,126.86901992797851,0.027784519681098272,0.02272537470548373,0.021456492027367144,39.45616068076796,-3.1597587613618714,0
2021-03-12,117.77417755126952,117.91041082516712,115.9544870681418,117.1611278187304,88105100,-0.007625526533481919,117.04574693952289,121.89270346505302,126.60358276367188,0.026340961554284364,0.022732690855014958,0.021410425163382023,42.81167687472413,-3.04591732057105,1
2021-03-15,120.65454864501952,120.6642817142442,117.18058534747088,118.14395874848536,92403800,0.024456728576993214,117.58233969552177,121.37649681454613,126.41810134887696,0.026935205682526796,0.02362714986227269,0.021708425812690498,47.49933947585836,-2.6922408073950805,1
2021-03-16,122.1920394897461,123.79765430298438,121.36490683570096,122.31853968534864,115227900,0.012742916549711492,118.15924617222377,120.92238253638858,126.28338470458985,0.027018889876722355,0.023877010154892332,0.02177685070264628,50.28599001593341,-2.2618141749013034,0
2021-03-17,121.4038314819336,122.47423888090718,119.0489262952044,120.7129320932856,111932600,-0.006450567574646682,119.32696315220424,120.53175354003906,126.19664428710938,0.018914999486668714,0.023710562961914722,0.021519776331122897,55.3996001460711,-1.9616866637427819,0
2021-03-18,117.28762817382812,119.8663421601818,117.08327826271947,119.57440947336566,121229700,-0.033905052730712315,119.24911717006138,120.05400957380023,125.9964877319336,0.019851523841763734,0.02447142734675831,0.02194697746637354,49.060977370994806,-2.0325467218720803,0
2021-03-19,116.76213836669922,118.163403199646,116.46048007455592,116.67456302671786,185549500,-0.004480351553789563,119.25050462995257,119.60360172816685,125.87152008056641,0.01958749903139316,0.02444560003392432,0.02145404819248681,38.13865005893352,-2.1068203506404046,1
2021-03-22,120.0707015991211,120.53779245026008,117.02490398115997,117.09302062360136,111912300,0.028335925315371657,119.44929504394531,119.30333237420945,125.72877319335937,0.021634863917290408,0.025400303596164603,0.021276570082878796,47.4263685312803,-1.8770716212982563,0
2021-03-23,119.24353790283205,120.8978030327316,118.85429686516294,120.0122869105858,95467100,-0.00688897195796101,119.6592036655971,119.14300173804874,125.54752365112304,0.02158272625684901,0.024632831307835806,0.021247382314494762,50.764329906071175,-1.741662494351857,0
2021-03-24,116.85946655273438,119.5938800533793,116.8400078374971,119.51603034411634,88530500,-0.019993296006030725,119.11704908098493,118.87563178652809,125.37825225830078,0.020370002419812912,0.02497785337908026,0.02118346197690332,49.93732915347566,-1.8059070468164293,1
2021-03-25,117.34601593017578,118.38723908571316,115.79879193762964,116.3242663381614,98844700,0.004163542687590782,118.42476000104632,118.65506235758464,125.22220977783203,0.019403415717509084,0.025007387270518575,0.021196882374777973,48.66687151020899,-1.7968479048567048,1
2021-03-26,117.94934844970705,118.21208938078492,115.72095047944184,117.11248257706046,94071200,0.0051414827742448654,117.93126242501395,118.6652574085054,125.03761886596679,0.019809412282262052,0.023844803863891435,0.02106990023122521,59.08580177409892,-1.7211442974344067,1
2021-03-29,118.12450408935548,119.28249444245718,117.4822625170894,118.37751194468804,80819200,0.0014850072675316461,118.05081612723214,118.67128208705357,124.89500854492188,0.014762301620969592,0.023842423596282317,0.020978007520684086,50.677561860918104,-1.6282456446109705,0
2021-03-30,116.67456817626952,117.16111766205536,115.66254435493632,116.87891806940084,85671900,-0.012274641271629472,118.0383061000279,118.30567459833054,124.75779586791992,0.015528234199933745,0.02055972129981311,0.02096091856276674,49.8223578140106,-1.6525706972078922,1
2021-03-31,118.86405181884766,120.19719278132602,117.8909527575786,118.37750228821312,118323800,0.018765731699733612,117.86592755998883,118.16805049351284,124.65096405029297,0.012798539300092556,0.020638712835551295,0.021127661646813404,50.416835094442824,-1.4781364085558408,1
2021-04-01,119.691162109375,120.83941908348808,119.19487960235314,120.33341093306862,75089100,0.0069584561343061235,117.92987387520927,118.21160816010975,124.47905639648438,0.012873557103497038,0.019976858897208277,0.020600078300734584,54.337240128606986,-1.2586462001561216,1
2021-04-05,122.51317596435548,122.76618380455446,119.75930377924526,120.53778601486208,88651200,0.023577462239039004,118.737546648298,118.47897847493489,124.26953353881837,0.011736503078000827,0.020211044023941326,0.020188703540690297,54.216339071101864,-0.847219476366945,1
2021-04-06,122.81482696533205,123.7100762858856,122.26989388745704,123.09702657327624,80171300,0.0024621923201495477,119.51880536760605,118.70093718029204,124.02329071044922,0.01181828164273155,0.02012145625442323,0.02003893423148192,51.496730405904955,-0.49115835108250394,1
2021-04-07,124.45935821533205,124.4788169278638,121.77360301243874,122.44504366920104,83466700,0.013390331531096145,120.44880676269533,119.23567744663784,123.73512161254882,0.012058815690440365,0.017566064902804403,0.01971027243275776,57.05297719344714,-0.07540815775617205,1
2021-04-08,126.85318756103516,126.88237934347556,125.06268894589844,125.48111439308596,88844600,0.01923382363551518,121.69576154436383,119.6652316138858,123.49016540527344,0.012379650763346997,0.01591637149694546,0.019932213142960006,73.98720225420313,0.44214214844170385,1
2021-04-09,129.42218017578125,129.46109760648577,125.9871415439433,126.30826602843275,106686700,0.02025169933952209,123.51684897286553,120.268553234282,123.31796508789063,0.007721126196908919,0.01602711767435789,0.02014988667977005,78.79588029604942,1.0475255069133453,0
2021-04-12,127.70954895019533,129.2762393125197,127.11595782289686,128.95511478316322,91420000,-0.013232903535235097,124.7804914202009,120.69857134137835,123.20809448242187,0.012852000812478863,0.016275434295553788,0.01963124297318804,68.73510764782513,1.3732709406331054,1
2021-04-13,130.81369018554688,131.0375136441806,128.38094270892825,128.87723269707828,91266500,0.024306257917817264,126.36942400251118,121.31950051443917,123.25999755859375,0.013725759217072009,0.016658953398541163,0.0192082340524216,75.5260405427832,1.8604585904913478,0
2021-04-14,128.47824096679688,131.36834576141277,128.11819914098413,131.3099622056929,87222800,-0.017853247740640787,127.22157614571708,121.69205729166667,123.22282745361328,0.016897904178837405,0.016764769221058677,0.019241214166206156,75.68842251856167,2.034652867482947,1
2021-04-15,130.88182067871094,131.36837019796266,130.04495491166549,130.22012045971883,89347100,0.018708068337697892,128.37400381905692,122.10585639590309,123.21721069335938,0.01729194899144706,0.01698487572167584,0.019404607215002027,77.58824072746563,2.3396814903785383,0
2021-04-16,130.55096435546875,131.04723949609195,129.69463249088383,130.6871976204425,84922400,-0.0025279012893194563,129.24423326764787,122.54143415178571,123.22538146972656,0.017699777550159373,0.016892278173819025,0.01937506017748718,75.97268692901861,2.525607895746049,1
2021-04-19,131.21267700195312,131.82573417670255,129.75302837507442,129.91845343765638,94264200,0.0050686155383934395,129.8670174734933,123.20453171502976,123.17974273681641,0.016855412689764017,0.014543195375098723,0.019037074346251442,76.44511464015532,2.6952810695199503,0
2021-04-20,129.5292205810547,131.88411859918818,128.2641887932471,131.38784340823202,94812300,-0.012829983042517923,129.88230895996094,123.81248801095145,123.10870635986328,0.01648706605605526,0.014937258494461156,0.019117227728818412,75.73046679932382,2.663207618592864,1
2021-04-21,129.9087371826172,130.15201197134868,127.767922011443,128.79940473993418,68847100,0.0029299690051405314,130.19647870744978,124.28096589587983,123.04234069824219,0.015381411279750975,0.013954275270773605,0.019121840345971038,73.83456448072013,2.638003730742227,0
2021-04-22,128.39068603515625,130.54122653689166,127.8749447465964,129.46108603950333,84566500,-0.011685520007226002,129.85033525739397,124.71654437837147,122.96313018798828,0.012670753563376028,0.014176324401740135,0.01916953265821225,68.23003665627265,2.4670962771502047,1
2021-04-23,130.70668029785156,131.48514771146148,128.60478264515086,128.60478264515086,78657500,0.018038646993919327,130.16868373325892,125.37593550909133,122.94230621337891,0.012730835367914412,0.013417720485453592,0.01933581758321186,67.54167691622672,2.4898310478312737,1
2021-04-26,131.09591674804688,131.42676689058607,129.9671181870508,131.20295824690538,66905100,0.002977938459674201,130.1992688860212,126.03069269089471,122.93432678222656,0.01061077442808911,0.013425817541840319,0.019338174129361733,67.66294982046074,2.510319248262732,0
2021-04-27,130.77479553222656,131.76736083305914,130.5023289552631,131.3781122600293,66015800,-0.0024495134843709465,130.23124476841517,126.64142826625279,122.91525390625,0.010607355912109153,0.013534193677608278,0.019340030978247658,64.27632475315826,2.4721471231420225,0
2021-04-28,129.98658752441406,131.38785269000346,129.5000379446019,130.69694575341163,107760100,-0.006027216518325718,130.05608912876673,127.20628938220796,122.9228448486328,0.010603802252829832,0.013730003598040358,0.019220522100313067,57.63761528456604,2.3511905786420044,0
2021-04-29,129.88926696777344,133.38270410909877,128.88697605750357,132.7988386951313,151101000,-0.0007486969116897724,130.10752432686942,127.83556075323196,122.97422515869141,0.009318159557424552,0.013241005588217192,0.019047448444847438,51.29449496047288,2.2218663973371093,0
2021-04-30,127.92362213134766,129.96712145874997,127.5441140528076,128.23500614148355,109839500,-0.01513323527273025,129.82393646240234,128.266968863351,123.00828353881836,0.010881588848051972,0.013567504809665405,0.019133550179290037,50.585082004062734,1.93842004158752,1
2021-05-03,128.97451782226562,130.4633727552625,128.283625938946,128.48796838679135,75135100,0.008215024507662427,129.90734100341797,128.7090334211077,123.06024673461914,0.010569280259527802,0.013585856396304555,0.019164856295068505,44.33788718804404,1.778088563947108,0
2021-05-04,124.41070556640624,127.95279275381807,123.29164023246338,127.66086008438737,137564700,-0.03538537947587905,129.00791604178292,128.7993919735863,123.09625122070312,0.01451228643913999,0.01525243634510337,0.01936089813567577,38.98845103026986,1.2681448210098694,1
2021-05-05,124.6540069580078,126.94078104975206,124.52749931714489,125.72440711319194,84000900,0.0019556306709609395,128.08764321463448,128.88697197323754,123.13984664916993,0.014400605505617312,0.015250148394734833,0.01936062877056581,30.906968802481188,0.8735731126710391,1
2021-05-06,126.2498550415039,126.25958068498952,123.71005892640017,124.44961615985032,78128300,0.012802220501693995,127.44122314453125,128.97223372686477,123.22528427124024,0.016252966312817946,0.015226430046236866,0.019425727711604335,37.76294511553199,0.6817846058164037,1
2021-05-07,126.92244720458984,127.94592476658238,126.21086763240989,127.5462878048144,78973300,0.005327468794834145,127.00348881312779,128.97553180512926,123.40902816772461,0.01668300441759445,0.014676717482551107,0.018739296684529613,37.801450040587454,0.5774074056970875,0
2021-05-10,123.6472625732422,126.26933982071908,123.60827160938824,126.14263220253412,88071200,-0.02580461300173542,126.11177389962333,128.7005357288179,123.52201370239258,0.01862413790145486,0.014957835039130675,0.019137540359578733,34.66381171992245,0.22778196600097544,0
2021-05-11,122.73102569580078,123.08192956770212,119.67029762868589,120.38186984814408,126142800,-0.007410086227333079,125.36997440883091,128.46346319289435,123.48958770751953,0.018277912928976722,0.014793513278934356,0.017590874277171677,31.794885290769997,-0.12182702644574306,0
2021-05-12,119.67027282714844,121.49306133403095,119.16340517343434,120.28437120843128,112172300,-0.02493870519943897,124.0407965523856,127.93282427106585,123.44791000366212,0.01834930398566672,0.014346831506480475,0.017697388103071282,29.487316615495743,-0.6385114855321632,1
2021-05-13,121.81475830078124,122.96496595514448,121.1226852750631,121.43460561674968,105861300,0.01791995140455893,123.6699469430106,127.61551557268415,123.50867614746093,0.017329944718916745,0.014754157407883467,0.01752547786856857,28.91374530233324,-0.8649746964863425,1
2021-05-14,124.2321319580078,124.66102519199372,122.67253033910512,123.06243260302256,81918000,0.01984466981626043,123.60967908586774,127.29886372884114,123.65535079956055,0.019361524246542822,0.014837420839684258,0.0175671064366459,35.1515363575686,-0.8397069523954741,0
2021-05-17,123.0819091796875,123.72524895126948,122.00968366381709,123.61802565600584,74244600,-0.009258657645101698,123.15711539132255,126.94319443475632,123.75391510009766,0.018651506893025135,0.0149134073485463,0.017577081016878885,33.934247046789324,-0.902096640026258,0
2021-05-18,121.69775390625,123.78372204612904,121.62952158155362,123.36457849820384,63342900,-0.011245806005631298,122.41073063441685,126.49010285877046,123.92327392578125,0.018398183657085877,0.014913698589970815,0.0165683571585394,33.11009003731708,-1.0511140907231464,0
2021-05-19,121.54181671142578,121.76600548369002,119.75801895076616,120.050447495282,92612000,-0.0012813481746289934,122.10995265415737,126.10975029355004,123.9974592590332,0.016162376013371484,0.014763531938017941,0.015582193819446333,33.031184231545296,-1.1683265808480314,1
2021-05-20,124.0956573486328,124.49530918227134,121.94145662294912,122.06817912472064,76857100,0.02101203278268038,122.30490003313336,125.83293696812221,124.14432388305664,0.01812669436743656,0.015624103414632207,0.01577396174507491,42.400199212299505,-1.0431202863156983,0
2021-05-21,122.26314544677734,124.76825782596866,122.04869881375612,124.59280216593018,79295400,-0.014766930132834699,122.67531040736607,125.54114932105655,124.21600341796875,0.015904813769526623,0.015733103607050977,0.015780523730993482,37.076741858038694,-1.0793200615586898,1
2021-05-24,123.8909683227539,124.70976380781524,122.7602599555712,122.82849229292908,63092900,0.013314092893881746,122.97191183907645,125.21659160795666,124.33833923339844,0.015275984559325953,0.015460533365351012,0.01583236247518365,48.871621265722844,-0.9655269487901705,0
2021-05-25,123.69602966308594,125.08018314804376,123.13067172111496,124.59279971373591,72009500,-0.0015734694974707253,122.89532579694476,124.86421603248233,124.39916885375976,0.013235548219532578,0.015412723746920116,0.015473788637147885,47.91580076778952,-0.8809203068078375,0
2021-05-26,123.6472625732422,124.17362943012176,123.22811900776954,123.7544858646491,56575900,-0.00039424943530175227,122.97609056745257,124.52480970110211,124.42827331542969,0.012674844855863497,0.015420578330833658,0.01537488443739283,43.92905511825038,-0.8084843260193821,0
2021-05-27,122.1169204711914,124.41733561849657,121.92197306010468,123.24763627844212,94625600,-0.012376675958711947,123.03597150530133,124.15006365094867,124.44253509521485,0.012858704729844664,0.01555381134127287,0.015451054565824029,39.22168619940503,-0.864597564869868,0
2021-05-28,121.4638214111328,122.62377842352186,121.40533868337069,122.399582239157,71311100,-0.005348145511192115,123.0248293195452,123.7488519577753,124.52605895996093,0.013046367845408614,0.015555071839729193,0.01467148571038773,44.44995636575189,-0.9508070352574691,0
2021-06-01,121.14217376708984,122.18515807859856,120.81076166659518,121.92197831860382,67637100,-0.0026480942251457806,122.6029030936105,123.42592584519159,124.61365966796875,0.00918223003460642,0.015307686954376334,0.01466029760898357,45.83544639957508,-1.0331731613222956,1
2021-06-02,121.90247344970705,122.07792909380578,120.91797935921072,121.14216813753484,59278900,0.006276094104757934,122.55137852260044,123.08916182745071,124.65029510498047,0.00823612093176906,0.015245686931247853,0.014138657819215058,56.65317895152387,-1.0252802864198998,0
2021-06-03,120.42086791992188,121.6977907126188,120.02121601385367,121.53208465063496,76229200,-0.012154023522717328,122.05564989362445,122.89916955857049,124.67384170532226,0.006643075573028036,0.013486930889117628,0.014213467978013794,45.67452339261316,-1.1256030587564965,1
2021-06-04,122.7115249633789,122.97471215998662,120.72303005127525,120.93747667465416,75169300,0.019022093786770222,121.91500636509487,122.80667041596912,124.79088287353515,0.011027245441896035,0.014198714882622664,0.014147692410444102,45.24389621137246,-1.0086456597272644,1
2021-06-07,122.72127532958984,123.13066937489864,121.67829101219802,122.9844550910691,71057600,7.945762399952372e-05,121.78272247314453,122.63864281063988,124.89838806152343,0.011033671270847542,0.01386342838634444,0.014141290909270169,48.785366322457506,-0.9047400254655713,1
2021-06-08,123.5400619506836,125.21664395698274,123.02344459916289,123.40359727053726,74403800,0.006671920731712966,121.98602839878627,122.47757684616815,125.01020233154297,0.010073545966245634,0.013898417950177067,0.014152102825486783,56.4506555239089,-0.7477057379600183,1
2021-06-09,123.92019653320312,124.52454534046706,123.32559732645998,123.99817846383708,56877900,0.003077014666475364,122.3369391305106,122.49057370140439,125.12611618041993,0.009582440427053144,0.012720301124462105,0.014154949692478703,58.19893272035327,-0.5858281871725097,0
2021-06-10,122.92597198486328,124.95345787476268,122.7602659341765,123.81299241371468,71186400,-0.008023103385520036,122.59176744733539,122.49985685802642,125.2511442565918,0.01029062799796099,0.012739284157741271,0.014085832813896618,45.48195203200623,-0.5316363015265324,1
2021-06-11,124.13463592529295,124.22236745136004,122.91619621766982,123.3353397745628,53522400,0.009832453800556529,122.91064780099052,122.71244557698567,125.3565559387207,0.010611887540120851,0.011515920528998117,0.013913326319394652,57.59487870486412,-0.38670210183771303,1
2021-06-14,127.1856460571289,127.244128801622,123.86174536220004,124.59280941543643,96906500,0.024578234020617096,123.87704467773438,122.96820213681175,125.50644561767578,0.011143561375336019,0.012060470260180133,0.014286408682826905,61.985940167998535,-0.02535738100240792,0
2021-06-15,126.36683654785156,127.30260492232892,126.12314857125716,126.6592650944716,62746300,-0.006437908165435213,124.39923204694476,123.06985473632812,125.5835188293457,0.011059658239709917,0.011479488231402222,0.013958740322837771,59.29441975854069,0.192718292769527,1
2021-06-16,126.86396026611328,127.585282063148,125.21664196538164,127.07840688486591,91815000,0.0039339729619130015,124.99104418073382,123.2499524071103,125.66450149536132,0.010912143918862654,0.011256057411100357,0.013964050275130804,60.85537309028959,0.40103567518414707,1
2021-06-17,128.46255493164062,129.20337594415264,126.37658632134162,126.52280804022224,96721700,0.012600857344939431,125.69425746372768,123.57208578927177,125.7445654296875,0.011304288597173263,0.011107571042767515,0.013949898853275734,71.31638311799144,0.6872003136401332,0
2021-06-18,127.1661376953125,128.18961527761795,126.95169109033546,127.40982566701064,108953300,-0.010091790849232285,126.15796334402901,123.83991059802827,125.75082443237305,0.012800877566201773,0.011424862086656318,0.01377133740055193,68.36172460385706,0.8001541361576443,1
2021-06-21,128.95965576171875,129.0668790460521,125.94767651117064,127.0101523182265,79663300,0.014103739398797277,127.01991816929409,124.07152957007999,125.7415739440918,0.012116958223186113,0.0109460857139296,0.013614679497225172,72.99314101117011,1.0226048213629326,1
2021-06-22,130.59722900390625,130.69471012361893,128.2968143898753,128.79394727746697,74783600,0.012698337573211926,127.94314575195312,124.46839069184803,125.79932754516602,0.01227865618282527,0.010487658256256471,0.013593440437615017,74.3184515591571,1.3158685533494179,0
2021-06-23,130.3243408203125,130.92869718078555,129.86620618552573,130.3925806003398,60214200,-0.0020895403805665236,128.3915307181222,124.77474176316034,125.78954055786133,0.00995655253823944,0.010281338382515859,0.013157087895862013,79.70777140220659,1.5088690745524502,0
2021-06-24,130.04164123535156,131.24058178501798,129.57374966230876,131.0553765632134,68711000,-0.0021692001907051006,128.9165028163365,125.07691374279204,125.82080856323242,0.009356876654315479,0.010293848832664678,0.01290710112517481,75.00006505195569,1.620333686101489,0
2021-06-25,129.7492218017578,130.5095270692511,129.45679326652197,130.09039090512184,70783700,-0.002248659973958067,129.32868303571428,125.3674832298642,125.79815658569336,0.009666349957987739,0.010327235540343826,0.01263532557956527,73.51606333328398,1.6658712624289933,1
2021-06-28,131.3770751953125,131.8352098315601,129.98318695524438,130.04166969629122,62111300,0.012546151498633806,129.7450430733817,125.80844297863189,125.81467880249023,0.00965755525606724,0.009976706398178607,0.012755364775129773,74.87635841070367,1.8124218135967425,1
2021-06-29,132.887939453125,133.04390333984907,130.95793469390316,131.39657011097157,64556100,0.011500212313041436,130.56244332449776,126.35244859967914,125.84818405151367,0.00799037666937329,0.009903914877301837,0.012837566474934281,76.55903443713159,2.0271110259485994,1
2021-06-30,133.50201416015625,133.94064949902392,132.43952338561445,132.73195190270366,63261400,0.00462099652954473,131.2113516671317,126.94101242792038,125.9276399230957,0.007220392702356504,0.009773782628192496,0.012708926176341364,82.04373798264183,2.221199860962372,1
2021-07-01,133.80421447753906,133.86269721920397,132.33232940247316,133.15113240638843,52485800,0.002263638637094001,131.66949244907923,127.50776200067429,126.00554946899415,0.006390755389724086,0.009780284364355681,0.012706871932595945,81.00009539160702,2.3720580919357417,1
2021-07-02,136.42628479003906,136.46526832234767,134.27207651002422,134.41828334809892,78852600,0.01959632080901419,132.54119873046875,128.2699247087751,126.1662614440918,0.008227900924836624,0.009529369027063478,0.012855327580555754,80.46276049644288,2.672387863730421,1
2021-07-06,138.43426513671875,139.53572463895688,136.53350195950557,136.53350195950557,108181800,0.014718427242741194,133.74014500209265,129.0186266217913,126.32081314086913,0.007690852387556081,0.009278357270861168,0.012775405507475104,86.8892879632437,3.037415172834841,1
2021-07-07,140.91990661621094,141.2318195282519,139.0581266890823,139.91589835234652,104911600,0.01795539187525108,135.33595711844308,129.8852281116304,126.51729293823242,0.006458378982084578,0.00954367877049035,0.012991005454867584,88.31044766684315,3.4870756022882574,0
2021-07-08,139.62350463867188,140.42279367497855,137.11838445022283,138.00541248474633,105575500,-0.009199565970972157,136.51401846749442,130.65110633486793,126.69426712036133,0.010221465565516978,0.010150935849081869,0.01306804036823219,80.92943405162207,3.696218224280983,1
2021-07-09,141.44622802734375,141.97258743167365,139.04833216120844,139.1458132863032,99890800,0.013054559784821729,137.73663112095423,131.48567926316034,126.92345993041992,0.010306950302349883,0.01024557284955729,0.013125387117205104,88.45161438765683,3.9633566944624192,0
2021-07-12,140.85166931152344,142.62572515772004,140.36429329314447,142.51850183873523,76299700,-0.004203425740737177,138.78658185686385,132.3392838977632,127.14270797729492,0.011412379317964546,0.010008461518412955,0.013148021765051946,84.2315723450552,4.080057573320204,1
2021-07-13,141.96286010742188,143.7369156295679,140.00361422588887,140.39350901995925,100827100,0.00788908503058483,139.9521026611328,133.18824695405505,127.4234927368164,0.011157633429838,0.009985557787693517,0.01294784528087612,83.7387893392278,4.213635504026087,1
2021-07-14,145.3842315673828,145.79364043052715,143.95134516697595,144.3607540301203,127050800,0.024100468653364793,141.23180934361048,134.05484626406715,127.75168701171874,0.011999339129945842,0.009942661413768669,0.013289656014352221,87.66469826339357,4.5432018567523755,0
2021-07-15,144.7311553955078,146.21278242197317,143.37625087333885,145.47197634550716,106820300,-0.0044920701841885124,142.13136509486608,134.92933763776506,128.1580960083008,0.012699982021551018,0.009825064398635319,0.01216348133101161,86.07014609523468,4.697537488547852,0
2021-07-16,142.69390869140625,145.9788173432772,142.19679065127386,144.7116519617399,93251400,-0.014076075731824012,142.3847939627511,135.68314470563615,128.51889404296875,0.013599586492600296,0.01080044167165184,0.01240327534093652,79.27701213607477,4.6024071212393665,0
2021-07-19,138.85340881347656,140.43251704679776,138.0931035014654,140.12058929133983,121434600,-0.026914252424294127,142.2747802734375,136.17794727143786,128.7709651184082,0.017179320086600763,0.01279133032222693,0.013005609157472231,65.37081456040767,4.169061035550413,1
2021-07-20,142.45999145507812,143.38601770583355,139.35054523026795,139.83792120496685,96350000,0.025974030255507374,142.4196036202567,136.9062260219029,129.08171600341797,0.019443474121090314,0.013247534018960287,0.013434502355170012,68.11816720907315,4.069738802667757,0
2021-07-21,141.7289276123047,142.4405072449087,140.97837931958148,141.85565012536404,74993500,-0.005131713369531998,142.544926234654,137.5142865862165,129.44334930419922,0.019489442339110156,0.013288281505576921,0.01285432881513814,65.50340140357858,3.8872249654852453,1
2021-07-22,143.0935821533203,144.4582288663732,142.1285724161041,142.25529492286392,77338200,0.009628623909076595,142.70645795549666,138.1093510219029,129.8506004333496,0.0196019465763383,0.013211289282506712,0.01280349777169411,66.83157586246938,3.8087922648051915,1
2021-07-23,144.80909729003906,144.96506111781187,143.2105052391908,143.8246035150905,71447400,0.011988763653149936,142.6242959158761,138.79910132998512,130.35337692260742,0.017695630008914727,0.013220367561335477,0.012200748901096604,65.70491087202367,3.8407873134715373,1
2021-07-26,145.2283172607422,146.04710543551434,143.9708787526298,144.5264945756414,72434100,0.00289498366158214,142.69531903948103,139.52227637881325,130.82164810180663,0.017633293854651916,0.013126721686331775,0.01203209759161525,63.53410495356357,3.855527052243758,0
2021-07-27,143.06436157226562,145.44275893789174,141.87516288945258,145.35501995009983,104818600,-0.014900370184634193,142.7482408796038,140.15633065359933,131.1982926940918,0.017750184191117877,0.01376784617056041,0.012077592281000327,54.32732602356738,3.6505144045971747,0
2021-07-28,141.3195037841797,143.25926511063363,138.9411071473103,141.1537977724019,118931200,-0.012196313385878121,143.1005401611328,140.6297796340216,131.56304458618163,0.014542784580507069,0.014121736214863028,0.012144895386393254,53.36154048552997,3.3090997214415836,1
2021-07-29,141.96286010742188,142.8498878684949,140.92962551695572,141.03684881635502,56699500,0.004552494921187256,143.02952139718192,141.06191871279762,131.96834671020508,0.010497800268026953,0.014007702164752264,0.011975294418468282,51.07420648064601,3.0552209188695656,1
2021-07-30,142.17730712890625,142.63544169374407,140.47149137109437,140.73467853831747,70440600,0.001510585383543983,143.09357561383928,141.47502790178572,132.3810565185547,0.010302678619421156,0.014008858459812354,0.011960684919508203,52.80059933863858,2.8386025776125337,0
2021-08-02,141.84588623046875,143.23977416644965,141.5826990796388,142.66467417357077,62880000,-0.0023310393559291542,142.9153333391462,141.85796465192522,132.7360610961914,0.009496036149044464,0.014058299848924852,0.011704516384540061,49.74445644492447,2.6101004713094653,1
2021-08-03,143.63946533203125,144.30228959895825,141.51449808960257,142.12859665195967,64786600,0.012644561990668768,142.7482430594308,142.20144943963913,133.16358749389647,0.009649959792053174,0.013722764758225458,0.01150787855729193,45.89649749759736,2.54440740499939,0
2021-08-04,143.23977661132812,144.05856456840556,142.5866946784069,143.55170433223327,56368300,-0.002782582904908626,142.46416582380022,142.43028331938245,133.55056365966797,0.009493801847816797,0.01347577115200647,0.011446794647246026,46.450127301320954,2.4320583821078117,1
2021-08-05,143.34703063964844,144.10733603044793,142.4795019309908,143.2690486927029,46397700,0.0007487726583890186,142.50454711914062,142.54586065383185,133.9435836791992,0.007579809394526349,0.012951704323066367,0.011432683419579589,51.71188581402063,2.3248757552398445,0
2021-08-06,142.66368103027344,143.61060825982952,142.16581806356817,142.86869219057516,54126800,-0.004767099857776791,142.69657244001115,142.69063095819382,134.32391204833985,0.00586309520337866,0.012814389231519834,0.011475955353332507,61.967728206858474,2.159894232527165,0
2021-08-09,142.61485290527344,143.21034301067533,142.05841963396023,142.72223685529076,48908700,-0.0003422603752222253,142.78971426827567,142.74627976190476,134.73387069702147,0.005709877463896414,0.012519806286562027,0.01127278298038014,50.626401827915714,2.0021259043901694,0
2021-08-10,142.1365203857422,144.19632898598317,141.84365370926938,142.95653516321173,69023100,-0.003354016147595562,142.7838875906808,142.80746314639137,135.14732467651368,0.00588372202415298,0.012505328618540765,0.011245524665861626,51.683090959497946,1.8175444103670202,1
2021-08-11,142.39035034179688,143.22989365517753,142.06819844175104,142.57583309295842,48493500,0.0017858179964291843,142.8616681780134,142.82781982421875,135.57228820800782,0.005820356920270996,0.012395623947773618,0.011215828501356507,46.80280433609299,1.6724650664117462,1
2021-08-12,145.34825134277344,145.50444888855472,142.37080079552103,142.7124810649403,72282600,0.020773184375741494,143.10578046526228,142.82610648018974,136.04120376586914,0.008720910278613991,0.012092630706653573,0.01147866733639244,52.202422951972295,1.7756973973918093,1
2021-08-13,145.5532989501953,145.88520764627282,144.74304073624972,145.42638655047446,59375000,0.0014107332253920912,143.436283656529,142.8652561732701,136.5438523864746,0.00850107764420385,0.012050112316230122,0.011257158938127622,51.351179887479915,1.8526986351062362,1
2021-08-16,147.52520751953125,147.59354953492934,142.98582599022765,145.00657783567002,103296000,0.013547673488394585,144.03316606794084,143.0953180222284,137.04012603759764,0.009431726547185628,0.011904721244003297,0.01113261558381432,68.84789952807077,2.0492171130903785,0
2021-08-17,146.61734008789062,148.0718870042623,145.5435005089824,146.6563820290242,92229700,-0.0061539817289898435,144.5979745047433,143.46502903529577,137.51804733276367,0.009662030361147595,0.010145765143974127,0.011209205231081886,74.08805764499706,2.1074092068434993,0
2021-08-18,142.87841796875,147.13470375005627,142.6734068529053,146.2365903149313,86326000,-0.025501227323448283,144.63562665666853,143.48495410737536,137.904814453125,0.014825534044927789,0.010441036166288597,0.011930991637523715,53.24841536752429,1.830723650201918,1
2021-08-19,143.2103729248047,144.47945217305653,141.06270837166667,141.5800998127829,86960300,0.002323338687353793,144.7890341622489,143.55549912225632,138.29061798095702,0.014743665789841348,0.010377531965256526,0.011931345851759215,53.63502527223898,1.619565006590193,1
2021-08-20,144.6648712158203,144.9674945787487,143.2884086013903,143.9327121522913,60549600,0.010156375277224683,145.1139657156808,143.6303224109468,138.72539596557618,0.015136220370253788,0.010401237067757068,0.011866411054332312,59.19256494181783,1.5516990952763763,1
2021-08-23,146.1487579345703,146.61733569322217,144.37204430196212,144.7820517027598,60131800,0.010257408770206755,145.22832380022322,143.6941157749721,139.16567840576172,0.013430474038181886,0.010312700821249346,0.01187131380779036,58.351353135648736,1.5992173463663732,0
2021-08-24,146.06088256835938,147.27139120779157,145.60206158624177,145.89492826143862,48606400,-0.0006012734384666096,145.30083574567522,143.7337617420015,139.54318313598634,0.013438323193793861,0.010300137120091781,0.011479566451990546,59.58812608258222,1.611212045541265,0
2021-08-25,144.83084106445312,146.7442235104866,144.28416462153382,146.24634576040117,58991300,-0.008421430038467514,144.91592625209265,143.81787981305803,139.91246322631835,0.01243147008186107,0.00991103685418037,0.011515638998822004,54.68544771049414,1.5041252420699038,0
2021-08-26,144.03038024902344,145.5727977281921,144.00109506679658,144.82112485660906,48597200,-0.0055268671337306285,144.5463605608259,143.94696916852678,140.25579162597657,0.012403506422953672,0.00958078462838517,0.011574141232073815,54.28395963986577,1.3392298723977376,1
2021-08-27,145.0651397705078,145.21156564308194,143.33723999505236,143.97177197062845,55802400,0.0071843143071295135,144.85874938964844,144.0946967715309,140.5878433227539,0.007454871078212553,0.009647260690174766,0.011503827694154518,57.23341039025155,1.2773213836573518,1
2021-08-30,149.47767639160156,149.8388852017209,145.07496269699374,145.45568503514545,90956700,0.030417622235599406,145.7540784563337,144.4423334030878,141.0340740966797,0.013020111987958202,0.011581104918033842,0.012014184878517157,67.58656386666803,1.566258436228253,0
2021-08-31,148.2183380126953,149.16526528048843,147.69117494824357,149.02859613337498,86453100,-0.00842492611142176,146.26171657017298,144.74578348795572,141.41924774169922,0.013942758602368818,0.011781527084850512,0.012023525715182459,63.31989752610497,1.6743244792559437,1
2021-09-01,148.8821258544922,151.293371319359,148.71617155840954,149.1945209265185,80313700,0.004478446126821467,146.6521977015904,144.9954339890253,141.78494567871093,0.013647725136986795,0.01155069750974715,0.011942156982742577,59.02286455184107,1.792862722805495,1
2021-09-02,149.9950408935547,151.03959539227287,148.7747752992504,150.20980882981786,71115500,0.007475142047274286,147.21422031947546,145.3171132405599,142.1783596801758,0.013660603554787341,0.011565351765242928,0.011940575510278977,60.83840575717003,1.9540826292974032,1
2021-09-03,150.62954711914062,150.9516989362315,149.44832378980732,150.10238418360416,57808700,0.004230181356703833,148.0426068987165,145.66389973958334,142.59011779785158,0.012553373964147033,0.011567553711524759,0.011919571337060189,58.10390731927274,2.108741655179159,1
2021-09-07,152.96270751953125,153.51914078415754,150.71741625258127,151.2836211735212,82278300,0.015489393980220978,149.3186536516462,146.15432957240515,143.05438751220703,0.011920655055953968,0.01178035655849525,0.01202328432846165,65.41736057456316,2.3920030703008024,0
2021-09-08,151.42031860351562,153.30440154284446,150.31719373274197,153.24583117728486,74420200,-0.010083431059944359,150.2265363420759,146.57363746279762,143.4552523803711,0.013906172635852282,0.012121537984672666,0.012096438152160128,73.23427603781886,2.4636326635452974,0
2021-09-09,150.40504455566406,152.39651120399355,150.28788894400816,151.79126431107525,57305700,-0.006705005360013727,150.35901750837053,146.96737670898438,143.80559448242187,0.009534155770268346,0.012229926128961923,0.012106744495820027,68.86836999948778,2.4106866069874684,0
2021-09-10,145.4263458251953,151.78148246152148,145.16276433644302,151.3129047338198,140893200,-0.033101939799806135,149.96016148158483,147.11194792247954,144.04408111572266,0.015961994118533114,0.014524281585792964,0.013109036771317974,51.68545169862351,1.9445712895103497,1
2021-09-13,145.99253845214844,147.8180505115286,145.21156570783384,147.04684942260073,102404300,0.003893329119564637,149.54736328125,147.1426282610212,144.28784759521486,0.015920210815835317,0.013832018030124706,0.013112246823379374,49.6395811565509,1.6023872327879474,0
2021-09-14,144.5965576171875,147.4763957492906,143.4153491043727,146.7735217186003,109296300,-0.009562001248567209,148.7761513846261,147.0970691499256,144.45125305175782,0.01540173871863964,0.013994342199296803,0.012953382063745411,46.81392013386276,1.204673193161966,1
2021-09-15,145.48492431640625,145.8851749521173,142.88819590848047,145.02610332343372,83281300,0.006143761053915675,148.04120526994978,146.99991280691964,144.59226623535156,0.01561091687693046,0.013720722047698782,0.012827529567516061,51.44463436926237,0.950212264125895,0
2021-09-16,145.2506103515625,145.4263362978241,143.71796490468603,144.90894501042473,68034100,-0.0016105721327809297,146.9394771030971,146.93483043852308,144.6788803100586,0.01302147192408063,0.013664022815618434,0.012598451098771163,52.764176215412796,0.7213279462995104,0
2021-09-17,142.58560180664062,145.27995796165817,142.29273506424897,145.27995796165817,129868800,-0.01834765815077488,145.67737470354353,146.92088681175596,144.73812225341797,0.013675244856887737,0.013082621990082328,0.01280956436166851,44.76945212490303,0.32118909033010823,0
2021-09-20,139.53982543945312,141.3946233415319,137.90955225490944,140.37936883525987,123478900,-0.021361037359984292,144.12520054408483,146.74609883626303,144.69999420166016,0.014459435193282959,0.013868176986182385,0.013043719094811038,27.753446013199948,-0.2389382032144738,1
2021-09-21,140.01812744140625,141.16030897663776,139.38359538478255,140.5062336067531,75834000,0.003427709619435282,143.35259791782923,146.52482532319567,144.6833233642578,0.011192336753050895,0.01367036066124079,0.013040419753740987,30.97811351635663,-0.6369062854288075,1
2021-09-22,142.380615234375,142.94680544027904,140.28174918379625,141.0139086418493,76404300,0.016872728096991585,142.83660888671875,146.3453899565197,144.69167846679687,0.013758816428940751,0.014025581101697245,0.013212583121760348,36.02028435633325,-0.7529858844718262,1
2021-09-23,143.3372344970703,143.58128753921014,142.17553963315416,143.16150856090553,64838200,0.0067187465170073235,142.65670558384485,146.21569242931548,144.65073852539064,0.013936440628110381,0.014130448552224718,0.012791365479050482,35.58733954772774,-0.7590388954218668,1
2021-09-24,143.42510986328125,143.96202960944674,142.09746053449825,142.1950877231893,53477900,0.0006130672641988522,142.36244637625558,146.14875284830728,144.6246176147461,0.01360586830192787,0.01402395616601012,0.012776799152457635,34.02595363855721,-0.7481212662927419,0
2021-09-27,141.91201782226562,142.48799456461782,140.39890024168955,142.0096450384804,74150700,-0.010549701112015697,141.88550458635603,146.0478784470331,144.60897979736328,0.013982415077633013,0.01415848559875258,0.012707628983565915,24.573175612763507,-0.8517444687792306,0
2021-09-28,138.5343017578125,141.30674132874793,138.31953384357482,139.8424227657557,108972300,-0.023801480073967096,141.30674743652344,145.73688616071428,144.60259765625,0.015074346129213437,0.014900758094186757,0.012580222519922203,22.659385315481316,-1.1926716842018834,1
2021-09-29,139.43238830566406,141.01384728022984,138.65141557774692,139.08095132289213,74602000,0.006482773843416778,141.29139927455358,145.25853910900298,144.54204559326172,0.013302760301195002,0.013096473366484082,0.012050786001984264,26.602664632900428,-1.3745459695710736,0
2021-09-30,138.13406372070312,140.9455603850025,137.91929578685694,140.24268621892764,89056700,-0.009311499291791092,141.02224731445312,144.77833557128906,144.4701483154297,0.01361795347563614,0.013115489542976318,0.012098976918979423,31.555469790239485,-1.6049457786227492,1
2021-10-01,139.2566680908203,139.5202495626883,135.80088336468526,138.52450892126643,94639600,0.008126919167360525,140.57596915108817,144.31998043968565,144.39341003417968,0.011907280010669468,0.013246730944617195,0.01207530914745468,33.42922994917379,-1.6776159837835678,0
2021-10-04,135.83018493652344,138.82716398233575,134.9808849639791,138.3878565109193,98322000,-0.02460552303364172,139.50353349958147,143.64546348935082,144.21383178710937,0.013394136177675986,0.013805052417279232,0.01240904146698714,30.392864187907534,-1.9887708863601858,1
2021-10-05,137.7533416748047,138.85646652806082,136.04496985928344,136.17188224652747,80861100,0.014158537288158524,138.69328090122767,143.03231084914435,144.06433227539063,0.015575553629837233,0.014284998010326675,0.012585943038646501,33.47235296765494,-2.056474949013335,1
2021-10-06,138.6221466064453,138.76857249312508,135.07849119061893,136.15233067899587,83221100,0.006306960840860132,138.22329929896765,142.34942699614027,143.97548797607422,0.015988098137471454,0.013785650071719608,0.012463949674715242,36.20468999192739,-2.0167774542772463,1
2021-10-07,139.88145446777344,140.7893396562003,139.32502120039112,139.65692980871162,61732700,0.009084463717787816,138.4157496861049,141.79995727539062,143.94672698974608,0.01358915626971307,0.014035718107317309,0.01242155925707428,44.02230265088526,-1.8622346024632463,0
2021-10-08,139.500732421875,140.7502829805711,139.16882381318146,140.60385709315267,58773200,-0.0027217478353154245,138.4255131312779,141.28070431663878,143.89748443603514,0.013467281153663482,0.014019596683732767,0.012408205496958327,49.902040104674086,-1.7503029632223388,0
2021-10-11,139.41285705566406,141.36528138783962,138.43664488957629,138.8857090401355,64452200,-0.0006299276332484283,138.60819789341517,140.99434770856584,143.8421954345703,0.012835865641836594,0.012271171136967173,0.012405614619364437,48.45303492497803,-1.6496707626803868,0
2021-10-12,138.143798828125,139.84241361250955,137.68497785008697,139.82288519545196,73035900,-0.009102877986585933,138.44921657017298,140.62059820265998,143.76815368652345,0.012979540840584086,0.012290144361864212,0.01246487602631088,38.530375931898696,-1.6532636178693565,0
2021-10-13,137.55812072753906,138.0364553671229,135.88879063118128,137.88027267230362,78762700,-0.004239626429519472,138.69606454031808,140.28543454124815,143.64652679443358,0.008244197887226919,0.012192929719468053,0.012330810935415836,34.03452595938698,-1.6839586820343015,1
2021-10-14,140.34030151367188,140.45745714105692,138.14382342191217,138.72955687137625,69907100,0.02022549284199271,139.06563023158483,140.0404525030227,143.58853729248048,0.009906769405727324,0.013038539933998936,0.012679318891075339,42.58213130441419,-1.4668767615371507,1
2021-10-15,141.39454650878906,141.45311684711749,140.09618272452653,140.35000738503422,67940300,0.007512061636938183,139.46168736049108,139.8568304152716,143.5494876098633,0.009989952913936605,0.013190364230836811,0.012727047386474863,48.72758653034425,-1.1959824736564144,1
2021-10-18,143.0639190673828,143.34701408719482,139.7545598847163,140.03765490452832,85589200,0.011806484760640945,139.91632516043526,139.87960742768786,143.55749237060547,0.010319465770910174,0.012867350720798077,0.012821008146794315,62.15945872215763,-0.8369446084072649,1
2021-10-19,145.2213592529297,145.62160993395176,143.06393807186709,143.51298745891924,76378900,0.015080253634955465,140.73355756487166,140.15015665690103,143.6096224975586,0.01078162342265301,0.012251247697677497,0.01299360347737293,64.55593922651934,-0.3740058147535308,1
2021-10-20,145.70945739746094,146.18780683574556,144.59657585778285,145.16278083703227,58418800,0.003361063049142299,141.63307189941406,140.4211723690941,143.68108123779297,0.010485945358039182,0.012250860913748121,0.0129882347187356,69.85683556768613,0.0318942979549206,1
2021-10-21,145.92420959472656,146.0804071368253,144.35250720492448,145.27014914498275,61421000,0.001473838425462226,142.74455915178572,140.58991495768228,143.75175842285157,0.008447406330788249,0.011765543355484328,0.012987718351833776,68.35051788839951,0.3666749684006163,0
2021-10-22,145.15301513671875,146.6075619891813,145.1042015405824,146.12922747617256,58883400,-0.00528489727749526,143.8295440673828,140.67638070242745,143.74785369873047,0.00870290108028826,0.011777515432525601,0.012679781957817366,80.05060068641444,0.5632690985281101,0
2021-10-25,145.10423278808594,145.81686377851983,144.1084918165859,145.1432747359116,50720600,-0.0003360753380621251,144.5101056780134,140.75633893694197,143.73887237548828,0.007110415037354427,0.011779549495647832,0.012678368840228977,76.95099737286125,0.7069853481840198,1
2021-10-26,145.7680206298828,147.25185252804923,145.4653823192533,145.77777738990952,60893400,0.004574558777801441,145.1348876953125,140.93995811825707,143.70372863769532,0.007009773383611161,0.011521972893154294,0.012545750943198942,76.5992057361481,0.8644784730642243,0
2021-10-27,145.30923461914062,146.1682914783705,144.95779752805828,145.80709762491546,56094900,-0.003147370793399773,145.45564705984933,141.26257396879652,143.6775665283203,0.006638898336858787,0.010056855602405455,0.012523631898042632,71.48429242530945,0.9414206016939204,1
2021-10-28,148.9407196044922,149.52643805425132,146.1585085567286,146.256135746264,100077900,0.024991426008607043,145.9869842529297,141.71535164969308,143.79881256103516,0.010025425170583326,0.011187031426050504,0.012469392623839694,79.71776103357604,1.2806655662415949,0
2021-10-29,146.23658752441406,146.3732566337639,142.927228830471,143.7179583128391,124953200,-0.01815576081046788,146.06228855678015,142.10118611653647,143.85933685302734,0.012992504015122154,0.011829840944406976,0.01275501439089139,68.44351878582917,1.3161470612371886,0
2021-11-01,145.41661071777344,146.13899838558393,144.2842007193759,145.44589589912687,74588300,-0.0056071932511672085,145.9897744315011,142.39451671781995,143.8743716430664,0.013186249803664804,0.011899169160905863,0.012706141179522484,70.14639210292505,1.2635358711884805,1
2021-11-02,146.4513702392578,147.96450225059075,145.11394928812004,145.12372094423125,69122000,0.007115827527383711,146.17525373186385,142.9002874465216,143.88042388916017,0.013257111151722711,0.010232095860428404,0.012663000708690931,74.03711799397863,1.290461927750897,1
2021-11-03,147.8864288330078,148.35500663634056,146.25615583539988,146.8125891838913,54511500,0.009798874475571928,146.57271030970983,143.382815406436,143.91693481445313,0.013591755844975902,0.010050655021199478,0.012736115030901463,71.99797164754708,1.411329330795553,0
2021-11-04,147.3690185546875,148.80403696262286,147.0566234619275,147.97426542713765,60394600,-0.0034987002012508706,146.80142429896765,143.79933311825707,143.9676983642578,0.013757180486463415,0.010137888107010298,0.012686026421574258,67.97911254009844,1.448667594958323,1
2021-11-05,147.89694213867188,148.79636649786093,146.70422366033108,148.49330137784227,65463900,0.003582324081153221,147.1710968017578,144.18102300734748,144.0450296020508,0.013600925708142291,0.010042523560329102,0.012664174118761128,65.61700935924983,1.50352575056084,0
2021-11-08,147.0757293701172,148.18046407919945,146.80199217243356,148.02403856122066,55020900,-0.00555260140392011,146.90466962541853,144.54173714773995,144.08524139404298,0.009504008726095798,0.010137555158945875,0.012657306954323837,56.55840329150593,1.4638617399309624,1
2021-11-09,147.4374542236328,148.0435844748696,146.70422637098488,146.8410949734435,56787900,0.002459446266660059,147.0762220110212,144.92386082240515,144.0444369506836,0.006194232974107896,0.010111180745945329,0.011896786019915846,56.16657808987785,1.4449593069266768,0
2021-11-10,144.61204528808594,146.77262935345158,144.54361846371455,146.6650887001066,65187100,-0.019163440866669434,146.96128409249442,145.23187255859375,143.97231109619142,0.009762980252767284,0.010906290632019465,0.01214259497014328,46.05284417010307,1.1882941886953233,0
2021-11-11,144.5631866455078,146.0882980655143,144.37743321812488,145.62882237351127,41000000,-0.0003378601172592255,146.69154357910156,145.56544712611608,143.88593231201173,0.009149124957264896,0.010823342194045559,0.012122029848995257,48.14511260805181,0.969763914448663,1
2021-11-12,146.6357879638672,147.03660782102534,144.18190939663026,145.11066161989166,63804000,0.014336992469885956,146.51288059779577,145.86523219517298,143.81874725341797,0.010208743419475605,0.0104073683015048,0.012252489591137996,54.272567064813,0.9528350137034636,1
2021-11-15,146.6455535888672,148.48351596746593,146.08829332480207,147.00727451410145,59222800,6.659782809914638e-05,146.40952845982142,146.1152801513672,143.7390673828125,0.010161894622541114,0.010341942748628786,0.012234660312584897,52.54075995716361,0.9294921354705536,1
2021-11-16,147.62319946289062,148.102247003654,146.00031832566742,146.58690654221206,59256200,0.006666727016929164,146.37042236328125,146.33238874162947,143.6322772216797,0.010439500738817959,0.010152086748521654,0.012062311586706325,56.50429937070663,0.9785998973415531,1
2021-11-17,150.05751037597656,151.53373689410836,147.61341784542643,147.62318884522813,88807000,0.016490029493622105,146.796391078404,146.56268165225075,143.6050210571289,0.011798139171508747,0.01025025925733469,0.012222042833257165,53.365695019010495,1.2001125483147064,1
2021-11-18,154.3395538330078,155.12166644396785,149.62735108476016,150.27259510761894,137827700,0.02853601560030139,147.78240530831474,146.97363862537202,143.68371124267577,0.015239306659608664,0.01181749423329846,0.012834589211045128,72.29924481651192,1.7015733620503966,1
2021-11-19,156.95960998535156,157.41910052968012,153.02950540265965,154.1244539759249,117305600,0.01697592151379812,149.54634312220983,147.49913388206846,143.9143765258789,0.010381597292100192,0.012207599448776987,0.012083085572605253,78.90261440205887,2.284071944941388,1
2021-11-22,157.4191436767578,161.99447854129045,157.3995867561447,158.06437288139423,117467900,0.0029277193760173237,151.3829084123884,148.08323524111793,144.1429086303711,0.009801413493938598,0.012040889444568229,0.012080115217386504,78.27685180522684,2.7510741269204004,1
2021-11-23,157.80039978027344,158.18167763297342,155.5029467463392,157.51687668201387,96041900,0.002421917021086628,152.97785295758928,148.6878146216983,144.4069854736328,0.010402016754781068,0.012006919375395542,0.011972951872057658,77.02863932028414,3.116021347532893,1
2021-11-24,158.31854248046875,158.5140669022848,156.0699743356913,157.1551520319611,69463600,0.0032835322402020584,154.64542279924666,149.28545851934524,144.66365783691407,0.00991982223591088,0.01200751483141369,0.011958693907310818,79.85069411512177,3.407771763156177,0
2021-11-26,153.30328369140625,156.8618824271744,152.8633499442556,156.00157185337474,76959800,-0.031678277923012144,155.4568634033203,149.66612752278647,144.82471130371093,0.01908897597104469,0.014260465930967001,0.012854222233538121,61.84156348342697,3.1974385185693848,1
2021-11-29,156.65655517578125,157.58530732404222,155.23896961955737,155.8060008585356,88748200,0.021873448523940464,156.3995840890067,150.03354826427642,145.10613037109374,0.019701100719176814,0.014030608169685764,0.012866972668336666,68.88973125509557,3.263706909529077,1
2021-11-30,161.60342407226562,161.8185054389282,156.34373142534065,156.41217318635103,174048100,0.03157779698994134,157.4372798374721,150.76530238560267,145.54740234375,0.020296946619356906,0.014556850892463028,0.013084589718829505,73.65329631888679,3.6730553681540243,0
2021-12-01,161.0852813720703,166.49161375206606,160.8506430799377,163.73466976035556,152052500,-0.0032062606542520022,158.0266614641462,151.51142955961683,145.96874542236327,0.02003716030191119,0.014479670061014168,0.013114015250573577,79.80205027638097,3.9105784708428644,0
2021-12-02,160.09783935546875,160.52800204808736,154.27113083970096,155.19011206164845,136739200,-0.006129933214200967,158.40933227539062,152.16126142229353,146.32308990478515,0.020398536399536957,0.014669444653698304,0.013016644336359653,77.18097009844728,3.973336769678241,0
2021-12-03,158.2207489013672,161.27098610748033,156.14816349171144,160.3520050545032,118023100,-0.011724645764480401,158.4693821498326,152.6533719017392,146.6207601928711,0.02110664444711212,0.015017757122672951,0.013153277612049983,70.40983544860498,3.8274867764764338,1
2021-12-06,161.62298583984375,164.12573463510114,160.60623481829575,160.61600581977925,107497000,0.02150310222964169,158.94144548688615,153.33213224865142,146.98471771240236,0.022569606654757393,0.015434669168694867,0.013435055131707169,73.56921089470993,3.9410022723195652,1
2021-12-07,167.35191345214844,167.7429772469704,164.57542763792551,165.2988844701773,120405400,0.03544624288763987,160.9483925955636,154.25855945405505,147.493515625,0.019319768628306713,0.016840160616391295,0.014083709824892623,77.00744670851306,4.442035678052093,1
2021-12-08,171.1647186279297,172.02504411674911,166.882663021836,168.28069194116756,116998900,0.02278315853778068,163.02098737444197,155.40565418061755,148.14612396240236,0.01939418368112839,0.01699957840867998,0.013785200047396024,77.84366123245583,5.08811712758515,0
2021-12-09,170.65634155273438,172.7973693361273,170.03065436230736,170.9985205283445,108923700,-0.002970104349018343,164.31426130022322,156.51131548200334,148.77060302734375,0.018206222386279166,0.017119124728557582,0.013819877458327103,73.90429225132505,5.49576776008027,1
2021-12-10,175.43701171875,175.61299419110293,170.78346350878363,171.29183908522813,115402700,0.028013434030743856,166.36450849260603,157.97917102632067,149.5166619873047,0.018828967268557185,0.01658358873989457,0.014083846971735035,75.45796309385305,6.133886328582491,0
2021-12-13,171.80992126464844,178.0570207166816,171.60461094345368,177.06959785970832,153237000,-0.020674602346261395,168.03766305106026,159.2766345796131,150.16772705078125,0.021786975373996008,0.017733041423625327,0.014530633899735888,68.23575771919323,6.274594386442715,0
2021-12-14,170.4315185546875,173.76526545026528,168.35893217623416,171.33094311359295,139380400,-0.008022835350920743,169.7820587158203,160.4097646077474,150.85975372314454,0.02119915441767348,0.0180279257049608,0.014038000719296354,65.6114249892786,6.203372342245785,1
2021-12-15,175.29034423828125,175.4858686850592,168.45665517933287,171.19404218690133,131063300,0.028508961985424408,171.73453848702567,161.7738022577195,151.61049377441407,0.02193743569326038,0.01851589987610685,0.014379031376655152,68.94368384909691,6.464476523492181,0
2021-12-16,168.4077606201172,177.08918279763162,166.93153397693786,175.27077720416733,150185800,-0.039263906110014846,171.88537379673548,162.76354326520647,152.2062060546875,0.026295908026426718,0.021274730638905812,0.015675877754043367,66.18473170663117,6.04633806890584,0
2021-12-17,167.3128204345703,169.59071677301714,165.89524955752734,166.12987292514003,195432700,-0.006501720476034145,171.33510262625558,163.58522469656808,152.75483337402343,0.0245614905488126,0.021326894670425558,0.015728007887157208,61.99910861771487,5.562486922232949,0
2021-12-20,165.95388793945312,166.76532847471316,163.71510567618958,164.51676029378936,107499100,-0.008122106193581335,170.66332353864397,164.13828822544642,153.283896484375,0.024637963437297995,0.020834206813620543,0.015791483828709468,55.32929985928699,5.011606230246485,1
2021-12-21,169.12144470214844,169.3267401361631,165.3379790393109,167.72341591348743,91185900,0.019086969290234235,169.76109967912947,164.71742321196058,153.8780682373047,0.022890614059214408,0.020906597683006928,0.01592925839991926,59.24421992712158,4.775574817534817,1
2021-12-22,171.71217346191406,171.9272548095711,168.300214735498,169.17031112645324,92135300,0.01531874780474074,169.74713570731026,165.39804367792038,154.54943572998047,0.02282489320389787,0.02105601378687823,0.015893817128099792,62.88501052764154,4.742895237784353,1
2021-12-23,172.33787536621094,172.8951357013555,171.35046721642092,171.9174985527305,68356600,0.0036438995074257186,170.01947239467077,166.09030442010788,155.2450308227539,0.02255354697660163,0.021052083239984164,0.015844541202404097,66.10890215423788,4.713155032478966,1
2021-12-27,176.2973175048828,176.38530127238838,173.11022561335014,173.12976761664484,74919600,0.02297488076987264,170.163325718471,166.9464365641276,155.96417114257812,0.021535701679310768,0.02143416992242825,0.015904387015990045,66.53446389966986,4.9519960675043535,0
2021-12-28,175.28054809570312,177.2749361221624,174.5375492742612,176.1311025117923,79144300,-0.005767356098038912,171.14515250069755,167.9929729643322,156.6418911743164,0.013201870748534834,0.01988566308458654,0.01596715951524399,59.995044901730935,5.001579420509842,1
2021-12-29,175.3685760498047,176.59062262185972,174.15630048000423,175.31969120341034,62348900,0.0005022117688353589,172.2959747314453,168.88402157738096,157.28798431396484,0.01235176132987441,0.019609223705446963,0.015940600100788217,55.84875570855745,4.990450893755764,0
2021-12-30,174.21490478515625,176.53191454419968,174.10736412193012,175.4565079119385,59773000,-0.00657855181717848,173.4761199951172,169.48456827799478,157.86785522460937,0.012050972650950797,0.01883123410629085,0.01593331033002484,54.86363860079098,4.832829971127381,0
2021-12-31,173.59901428222656,175.22188041192248,173.29593427269404,174.1073747963206,64062300,-0.003535234276821564,174.1157727922712,170.08046032133558,158.4256463623047,0.01128650695635206,0.01883744895439706,0.015966748790136376,47.16520841972283,4.605131943522423,1
2022-01-03,177.93972778320312,178.79028222604728,173.73590007898758,173.85321176039008,104487900,0.025004252005254468,175.00542340959822,170.9300740559896,159.0659567260742,0.013341435926015542,0.019242829842238962,0.016246121934346488,59.25053112094728,4.720523660507865,0
2022-01-04,175.681396484375,178.8489462858369,175.1143651356069,178.5458811499138,99310400,-0.012691551948306956,175.48306928362166,171.76153346470423,159.67652435302733,0.014982217473047555,0.01928650901833421,0.016366797570796673,57.71765862814925,4.576983350427469,0
2022-01-05,171.00827026367188,176.14086475419518,170.73453308424857,175.59339039534856,94537600,-0.026600006114584573,174.7274911063058,172.20845177060082,160.19460510253907,0.015585312319086574,0.020090007680895198,0.016919486208053447,43.67051778019964,4.039578641443114,0
2022-01-06,168.15357971191406,171.3797850968752,167.80162976232634,168.83792269234627,96904000,-0.016693289437734515,173.70935276576452,172.24662635439918,160.64231628417969,0.016294951212639353,0.019059956921598512,0.017155829479209423,49.573500826473364,3.344775379375619,1
2022-01-07,168.3197479248047,170.24569386432273,167.20524242477114,169.02364770562122,86709100,0.0009881931337727412,172.70237731933594,172.11115155901228,161.10252655029296,0.01632727511478427,0.01836081557900887,0.017135517905157327,51.74391440205327,2.775552334859583,1
2022-01-10,168.33932495117188,168.64239004792708,164.40921985835627,165.2988731483881,106765600,0.00011630855326583145,171.8630087716239,172.00081743512834,161.49049865722657,0.016464752486102414,0.0183535585838556,0.016845256625340886,54.33236967307974,2.2995113381557246,1
2022-01-11,171.1647186279297,171.26247339503044,166.9999896269401,168.46644539148625,76138300,0.01678391948867164,171.51525224958147,171.79737490699404,161.98906127929686,0.018397091803086886,0.01763093362402575,0.016691069001517123,53.75764392123057,2.1257270176515135,1
2022-01-12,171.60464477539062,173.21774007794218,170.91053076473975,172.18144710369126,74805200,0.002570191748553219,170.61024039132255,171.78759983607702,162.51282196044923,0.014470059402160913,0.01705590888791674,0.016642108397797412,49.7852641278652,2.0004402253997853,0
2022-01-13,168.33932495117188,172.6702498945838,167.94826118313495,171.8490383580425,84505800,-0.019028155260556345,169.5613730294364,171.68797156924293,162.9505810546875,0.015205459985616796,0.017481165201027642,0.016932844017203887,42.776414496734276,1.6190026645766125,1
2022-01-14,169.1996612548828,169.89377524696252,167.26392904254132,167.50833831927105,80440800,0.0051107268248846704,169.3030003138951,171.39793904622397,163.376845703125,0.012526162094729634,0.016245651677347112,0.01690699275948475,35.56092230900083,1.370336216198325,0
2022-01-18,166.0027618408203,168.68147761318977,165.62148401611884,167.6745127192973,90956700,-0.018894242401860883,168.99574061802454,171.28341529482887,163.74952056884766,0.01299152794222566,0.01438298474953032,0.017162973954853868,32.66357477145807,0.9048723935129317,0
2022-01-19,162.51260375976562,167.25414945182573,162.22909557704548,166.19829964047344,94815000,-0.021024698880620973,168.16614859444755,171.0548335484096,164.04183380126952,0.014758178615785876,0.015016820283616472,0.017481967798529723,28.68719135435518,0.2514636553873686,0
2022-01-20,160.8310546875,165.8854360990158,160.50843269303434,163.24581922868165,91420500,-0.010347191746132967,167.09353855678015,170.8108891078404,164.3169403076172,0.014694067450894407,0.015075263139486112,0.017537504664417444,28.193731621431056,-0.39747261706136783,0
2022-01-21,158.77804565429688,162.6103813121943,158.67050497614542,160.74309086318223,122848900,-0.012765003855705559,165.32401384626115,170.31834629603796,164.54375213623047,0.010595046809180058,0.01450420322603571,0.017660043925668337,26.932486984392668,-1.0651416694398677,0
2022-01-24,158.00572204589844,158.67052310978175,151.24047430258736,156.44151145113543,162294600,-0.004864171272645601,163.38131059919084,169.66565813337053,164.8116256713867,0.0093514822246318,0.013892359089596292,0.017430639055860092,15.09763029528736,-1.6377156972503428,0
2022-01-25,156.20684814453125,159.1202024043847,153.5085752311325,155.4247355135648,115798400,-0.011384865548379586,161.6480996268136,168.8975139799572,165.04449890136718,0.008780304727147773,0.013873468543071567,0.01752959733857477,15.344511857359777,-2.211150067897563,0
2022-01-26,156.11883544921875,160.7137257927372,154.29065926080548,159.84362956793808,108275300,-0.0005634368554128244,159.77941022600447,167.93663388206846,165.23415985107422,0.007210157808724145,0.01240980826495561,0.017436805556158157,18.336839946576603,-2.642244675091689,0
2022-01-27,155.65939331054688,160.17607231774176,154.74041197266266,158.81715723147198,121954600,-0.0029429001141974,158.3017861502511,167.0022931780134,165.4144366455078,0.006965708241110638,0.012424318428450758,0.017446703726961412,20.416742839016337,-2.9865364647236845,1
2022-01-28,166.52093505859375,166.54049197821774,159.15932862262193,162.00425626677838,179935700,0.06977761840801766,158.87440490722656,166.58097694033668,165.79239135742188,0.02943277389132603,0.020613422427637987,0.019943964136873504,47.17277700367651,-2.3557983659903243,1
2022-01-31,170.8714141845703,171.0864955438015,165.71926239899202,166.35473547583268,115541600,0.026125718813948318,160.3087419782366,166.42176310221353,166.20866943359374,0.02972864432962408,0.021488076846371374,0.020126588700153086,53.502850737856654,-1.4877368670074702,0
2022-02-01,170.70521545410156,170.93006781127377,168.45664712970438,170.1186272242385,86213900,-0.0009726538008822949,162.0126233782087,166.28396315801712,166.53598266601563,0.028598765310028217,0.021478489854557064,0.01978622094227052,49.31384808322229,-0.8039354560810068,1
2022-02-02,171.90769958496094,171.94681342176997,169.45383589849953,170.84207875406224,84914300,0.0070442143648663524,163.99862016950334,165.99672372000558,166.8349444580078,0.027860552672145183,0.02075394898491799,0.019684524976750935,50.44245934413272,-0.1631072922827741,0
2022-02-03,169.033447265625,172.29876649074853,168.27089152715303,170.57811566132818,89418100,-0.016719741618759887,165.83099147251673,165.68015470958892,167.06723052978515,0.028681784211502446,0.020881358325232118,0.019861119148378376,51.025123064344996,0.11153974268080447,0
2022-02-04,168.7495880126953,170.4234840013588,167.07569202403184,168.05457472378333,82465400,-0.0016793081932691134,167.63538469587053,165.57259841192337,167.2862142944336,0.028764145496232154,0.020084418390248063,0.01986619037385313,49.32378960264615,0.30280389243074524,0
2022-02-07,168.03501892089844,170.27665387927516,167.3400055860888,169.20967525085985,77251200,-0.004234493845064136,169.40333121163505,165.56695265997024,167.4805438232422,0.028876299608862697,0.01976190802213676,0.019881122185934817,53.299466480635154,0.39220130280455123,1
2022-02-08,171.13807678222656,171.6471000057892,167.80986639624405,168.1035342150904,74829200,0.01846673319201919,170.06292288643974,165.70115879603796,167.8372396850586,0.014504007031221051,0.020163088274162206,0.019439157678872016,64.18213010310964,0.7053098576728303,1
2022-02-09,172.55743408203125,172.91961588647231,171.20657123174874,172.3322952525055,71285000,0.008293638251006152,170.3037828717913,165.90202113560267,168.1552572631836,0.011149097832584009,0.020224447980328644,0.01925533198121147,69.44836982928962,1.0558101925805659,0
2022-02-10,168.48529052734375,171.7743370940817,167.92733513885554,170.462637822063,90865900,-0.02359877206305505,169.98665073939733,165.77442932128906,168.29289459228517,0.014688796046663097,0.020601810166683884,0.01911290229833775,65.08901507065704,0.9935433316063893,0
2022-02-11,165.07876586914062,169.42500712943504,164.49143031742815,168.6908451580762,98670700,-0.020218528558433868,169.01108877999442,165.4636731828962,168.37276428222657,0.015549644809013049,0.021024868503720207,0.01933959440509504,60.16218669227278,0.6616907660109064,1
2022-02-14,165.31370544433594,165.99892030677,163.04269054419584,163.83558309476695,86185500,0.0014231968233973102,168.47969709123885,165.31959606352308,168.4770816040039,0.014899351660636571,0.020649431231810067,0.019314871110628063,63.699935405706796,0.4128933002065196,1
2022-02-15,169.14114379882812,169.29776862360237,166.65478818594016,167.3595849608588,62527400,0.023152577363169335,168.53563363211495,165.31680951799666,168.69548950195312,0.01793484913700982,0.021267819833887196,0.019481573121442684,67.60899905004709,0.5185838917414287,0
2022-02-16,168.90618896484375,169.67949961629867,166.4589825612284,168.22097415914394,61177400,-0.0013891051503341911,168.66008649553572,165.45506795247397,168.84115356445312,0.01784248150757898,0.020820611249870884,0.019270200918290476,68.02196825829145,0.5767372870507472,0
2022-02-17,165.31370544433594,168.27971865617212,164.91235997613748,167.4182971510757,69589300,-0.02126910530943038,167.82803344726562,165.5884537469773,168.80038940429688,0.01763286989609688,0.020833618715404813,0.0188699805442052,47.95265039869453,0.32914667732890734,0
2022-02-18,163.76705932617188,166.93862933962222,162.68049906023276,166.23384762062662,82772700,-0.009355825120530237,166.572265625,165.72826349167596,168.65243621826173,0.01668477111358719,0.020807690109815917,0.018621289585883067,36.68544733586551,0.008035293592712378,0
2022-02-22,160.85000610351562,163.16995323151656,158.72581758393332,161.49605730830203,91162800,-0.017812209822040015,165.48151070731026,165.8269282749721,168.45630950927733,0.015867260983359027,0.02100362764753701,0.018775625785500218,33.25639067376157,-0.4763386720375138,0
2022-02-23,156.68975830078125,162.6413518716535,156.37650867254357,162.04423283731927,90009200,-0.025864144512727116,164.2830810546875,165.7642633347284,168.08136444091798,0.016797264733632612,0.0217737209333929,0.018621229754527603,26.506478766803497,-1.182277202911365,1
2022-02-24,159.3033447265625,159.41102239990326,148.79014121364656,149.357894860665,141147500,0.016680008024291038,163.42445809500558,165.91171555292038,167.83123291015625,0.018967718410443625,0.02191226385811166,0.018609717840778084,34.85674905222881,-1.5133984771472342,1
2022-02-25,161.3688507080078,161.63313833449817,157.47288604382865,160.38016942776312,91974200,0.01296586700668878,162.31413051060267,166.1617162795294,167.64997955322266,0.016690965781840147,0.022057492384640612,0.01869249346141214,39.11668829661043,-1.590807562690884,1
2022-02-28,161.63308715820312,161.92675492011216,158.99989062280463,159.61659142915732,95056600,0.0016374687496127915,161.27511596679688,166.44617789132255,167.3768344116211,0.016885839493344927,0.02203084194202167,0.01820906782352455,40.432933600581926,-1.6122481543383742,0
2022-03-01,159.753662109375,163.08187242749526,158.54964050687724,161.2219862371019,83474400,-0.011627724755319369,160.48082406180245,166.1239267985026,167.20375244140624,0.015805272344574028,0.015790850476421224,0.01744140396867361,32.34128101800549,-1.7605987852582814,1
2022-03-02,163.04269409179688,163.82580321014547,159.50892707803538,160.91852050375005,79724800,0.02058814764552963,160.3773433140346,165.75113060360863,167.11834991455078,0.018223789573628954,0.015340036969638189,0.017683164171268237,36.0504936346057,-1.5943911865520874,0
2022-03-03,162.7196502685547,165.3430634011942,162.05401727070716,164.91235266773373,76678400,-0.0019813449786367787,160.6444353376116,165.37086559477308,167.0536651611328,0.016628357172754078,0.015337848547039982,0.017649487306693103,40.50301781533996,-1.4717717354420472,0
2022-03-04,159.72430419921875,162.05405003585454,158.67690737340956,161.01643666085187,83737200,-0.01840801688297866,161.07794189453125,164.79070390973772,166.86572235107423,0.0146887734107584,0.01557736892918749,0.01760793024434582,41.05918958666046,-1.5978750230328558,0
2022-03-07,155.93601989746094,161.5352302369313,155.68150083148916,159.91028134097652,96418800,-0.023717644730089527,160.5968954903739,164.1670168922061,166.55019927978515,0.01620128087402868,0.015947487489451607,0.01773489094703667,36.002319523996505,-1.9806638106241792,0
2022-03-08,154.11526489257812,159.4403881412621,152.50989817230385,155.4661275372027,131148300,-0.011676295227235456,159.5606689453125,163.4701443626767,166.1857470703125,0.01478583779158172,0.016032762583115902,0.017771687927386776,26.142279558555032,-2.4032433020254302,1
2022-03-09,159.50892639160156,159.95921898709753,156.04368834876885,158.06996768709067,91454900,0.034997581211588136,159.25721740722656,163.0641399565197,165.84997924804688,0.021623956787720673,0.01817029848418921,0.018193921738796148,37.17948130794234,-2.2766731167108674,0
2022-03-10,155.1724853515625,157.0029911685478,152.6861150001443,156.81700107101284,105342000,-0.027186196648286032,158.60276358468192,162.30387369791666,165.44781799316405,0.023531223059879133,0.01828963575691334,0.018537205035398123,36.43977711626312,-2.4974903693967576,0
2022-03-11,151.4625244140625,155.9164439341305,151.23738556277695,155.57382899544626,96970100,-0.0239086261272069,156.94845363071985,161.29935418991815,164.96969696044923,0.021752661383369537,0.018512512634292745,0.018782590433384084,34.44691750437822,-2.9379852105962527,0
2022-03-14,147.4393310546875,150.865421052167,146.93032272367594,148.2518056179064,108732100,-0.02656230229186296,154.7655508858817,160.2971656436012,164.43418548583983,0.022171888180872623,0.01866383569205208,0.01907591453442318,33.50986463890199,-3.5705594400834,1
2022-03-15,151.81488037109375,152.2847547162285,147.204352250739,147.7133603864597,92964300,0.029676947698462408,153.63563319614954,159.6655520484561,163.9985028076172,0.027344575990076024,0.019919447581715256,0.0196325532387402,44.0372872979363,-3.6764292249530683,1
2022-03-16,156.21987915039062,156.6212246232631,151.19822129277074,153.73352378158447,102300200,0.029015592994108053,153.67618451799666,159.23251270112536,163.56410583496094,0.029147179586486674,0.021152524545069433,0.019755019729366198,46.38679809353794,-3.366083094238064,1
2022-03-17,157.2281036376953,157.6000837703935,154.30125449850178,155.26055517399735,75615400,0.006453880855547656,154.1208757672991,158.66522507440476,163.19503997802735,0.028673854610404736,0.020442785266491268,0.019737231872570916,45.02459394505653,-3.0041463307961465,1
2022-03-18,160.51719665527344,161.00663805311925,156.3863100625295,157.12047215929823,123511700,0.02091924370694742,154.2649143763951,158.26574925013952,162.98521850585936,0.02648288845188417,0.02111419915673781,0.019673886927127373,48.750038884488625,-2.4239645650927173,1
2022-03-21,161.8876190185547,162.83713639325782,159.56765695852218,160.05709828830467,95811400,0.008537542343356241,155.2242191859654,158.10260227748327,162.85989929199218,0.023358525445596745,0.020768018581921774,0.019588585414118148,52.41791676478307,-1.832461231757435,1
2022-03-22,165.25497436523438,165.84229498697945,161.42753966012307,162.01486028186812,81532000,0.020800573676321266,157.19456917898995,158.17345537458147,162.7986038208008,0.0195169095018861,0.02118465901333243,0.019819841592689454,52.502221182103796,-1.079529005827908,1
2022-03-23,166.61563110351562,168.99430889731204,164.1096788423283,164.44251031244588,98062700,0.008233680973947832,159.93404061453683,158.44800894601005,162.76412994384765,0.009928865188508586,0.02080919523956562,0.019855507914111163,54.30552759141576,-0.3687800974922766,1
2022-03-24,170.3940887451172,170.46260275503545,166.6156015912022,167.44764277770662,90131400,0.022677690061708944,162.58821323939733,159.10059611002603,162.7487173461914,0.008806255074269598,0.020261561631415445,0.019974410320788574,61.59077505222235,0.493692506915437,1
2022-03-25,171.0303497314453,171.5785215356228,169.10195003253148,170.2080920251791,80546200,0.0037340555122182817,164.70399475097656,159.65902491978235,162.7372314453125,0.008047190098999327,0.020058663688545638,0.01997802193101403,67.60270447830459,1.2145486431024608,1
2022-03-28,171.8917999267578,172.0190445148475,168.36781639958284,168.53422465828777,90371900,0.005036826485270929,166.79880850655692,160.16011773972284,162.80828094482422,0.008255923216963702,0.01994746395991003,0.01979619801626723,71.20509037349622,1.834200632697275,1
2022-03-29,175.1808319091797,175.22976408859992,172.61614940998814,172.95876428530602,100589400,0.019134315795304557,168.89361354282923,160.8052484421503,162.92790435791017,0.00798833633582061,0.020242085800289134,0.019959965346462324,69.68283596391038,2.561153311089271,0
2022-03-30,174.01597595214844,175.81711647524634,172.96856432856262,174.77950323773482,92633200,-0.0066494487115756895,170.62623596191406,161.48440624418714,163.08816864013673,0.010830304294733683,0.020077967659361904,0.019786660986105882,75.71471347534802,3.0085932156948445,0
2022-03-31,170.92271423339844,174.27049138056103,170.7171422878286,174.0845012718467,103049300,-0.017775734106163843,171.4359130859375,161.8596452985491,163.25637084960937,0.014016246981625425,0.020263652008321916,0.01971762459773668,77.01092557536859,3.0781096623580027,0
2022-04-01,170.62904357910156,171.18701389593227,168.30909632537671,170.35495761395958,78751300,-0.0017181487879712742,172.00925772530692,162.23628307524183,163.4523306274414,0.01412756743555179,0.02026085838512857,0.01965216668213035,85.90484758594067,3.074069223220164,1
2022-04-04,174.67181396484375,174.72076108227714,170.75628355518236,170.8835430731966,76468400,0.02369333087111869,172.620361328125,162.94806925455728,163.77020599365235,0.014360744898883752,0.020175728412270104,0.019792847480239448,85.75808616972316,3.3583717108127473,0
2022-04-05,171.36322021484375,174.53480585728352,170.7367358216346,173.75169663163055,73401800,-0.018941772429671544,172.66791425432478,163.68269784109933,164.03735595703125,0.0167017798596618,0.019866745611502767,0.019993044013152866,74.5322858936773,3.2789103781766187,0
2022-04-06,168.201416015625,169.9634078617043,166.537318414103,168.7202226513366,89058800,-0.018450891593042473,172.14071655273438,164.3534669421968,164.27724731445312,0.0179285795741022,0.020198035982426213,0.020112887867735883,66.61732553179593,2.9270641514935107,1
2022-04-07,168.5048370361328,169.69907490999924,166.2632026288955,167.5455363451221,77594700,0.0018039147808341927,171.18700299944197,164.78184363955543,164.5249673461914,0.01538555308980009,0.018940852248808374,0.0201102927620126,63.29854311957557,2.6422488228051293,0
2022-04-08,166.49815368652344,168.15246782773184,165.62694868711696,168.15246782773184,76575500,-0.011908758139560605,170.11302839006697,165.32116117931548,164.74174255371094,0.01558195557467782,0.018002194102659935,0.020192561603444688,57.51678212984284,2.22891450807694,0
2022-04-11,162.2498016357422,165.4605355802755,162.00508096962494,165.14730089465874,72246700,-0.02551591087778604,168.87404087611608,165.83484104701452,164.6563198852539,0.01677079629460023,0.018127594084816817,0.017998978830723447,45.237334065901116,1.5407764681783078,1
2022-04-12,164.11947631835938,166.28279871101802,163.12101178667447,164.47187468621496,79265200,0.011523432779379839,167.94410269601005,166.62913367861793,164.52128112792968,0.018190840367512628,0.016835214767875153,0.017676011455267853,46.1068495915224,1.1332261099687457,1
2022-04-13,166.80162048339844,167.42810486793778,163.24828613297083,163.85518867958416,70618900,0.016342631753444303,166.81978934151786,167.34278796968005,164.44320922851563,0.016350577114281648,0.016103464743420667,0.01783849435330292,44.1985802740493,1.0149662343949046,0
2022-04-14,161.7995147705078,167.6532440657547,161.55479409572018,167.01696134936807,75329400,-0.02998835202196659,165.45354570661272,167.60848490397134,164.24104553222656,0.018187146579073183,0.016767267169021934,0.018290130919961723,36.93545907040467,0.5117175429951146,0
2022-04-18,161.5841522216797,163.0818413516457,160.11582837374732,160.45842830966066,69023900,-0.0013310457026622924,164.50822230747767,167.81591578892298,164.09205963134767,0.017696357196425472,0.016745431031233212,0.0181499632850555,35.13965846305736,0.09442292284097675,1
2022-04-19,163.86495971679688,164.27610359926777,160.44866861751814,161.53522902332887,67723800,0.01411529202435724,163.8453826904297,167.97533307756697,163.99436706542969,0.019108224115536043,0.016412119252128817,0.018270324492486882,33.19766343261162,-0.05164859388401055,0
2022-04-20,163.69854736328125,165.31371275678185,162.59242008519655,165.19623667762264,67929800,-0.0010155456895923898,163.4454389299665,168.06156776064918,163.90763763427734,0.01878075826231057,0.016328190756247692,0.018262292004215523,34.21207597110853,-0.17877856146884596,0
2022-04-21,162.90562438964844,167.9077145784473,162.4063996901802,165.343047199771,87227800,-0.004843799694038475,163.53912789481026,167.94969395228796,163.74298858642578,0.01592369429004222,0.015692965407584823,0.018068393658429313,36.80302495983699,-0.33959756460748736,0
2022-04-22,158.37339782714844,164.32500539707067,158.08952846576778,162.9447923826861,84882400,-0.027821179161129028,162.71825953892298,167.55720665341332,163.4593078613281,0.018236674624950135,0.016626837578471835,0.01841494178572839,32.29632483636158,-0.823270440261922,1
2022-04-25,159.4404296875,159.72429911751857,155.11376965466397,157.71758646013552,96046400,0.0067374437562812695,161.66666085379464,167.03560384114584,163.27841064453125,0.016662304900374247,0.015772339667351355,0.01817173816801879,25.928307059233205,-1.1077150754587421,0
2022-04-26,153.48878479003906,158.91178747297153,153.41047239469103,158.8236916294158,95623200,-0.03732832951545628,160.47941371372767,166.2002912248884,163.0466110229492,0.01852753902964681,0.017356334362685882,0.018695708708035132,23.92922145469646,-1.7927221167868765,0
2022-04-27,153.26365661621094,156.41564486229873,152.0987839265491,152.61759051221244,88063200,-0.0014667402190725598,159.290771484375,165.313236781529,162.80561004638673,0.018520255031161916,0.017225910199403803,0.018691637348030535,26.171199349610916,-2.3269376061466573,1
2022-04-28,160.1843719482422,161.04579354437072,155.57382764277364,155.88707729102595,130216800,0.045155619308767214,158.76497323172433,164.599119640532,162.626474609375,0.02651405372249564,0.019813368050234054,0.019520690772422706,39.04083324155306,-2.1668848421936104,0
2022-04-29,154.3208465576172,162.69029635210208,153.92929946524063,158.42236732431553,131747600,-0.03660485301599581,157.42530168805803,163.6612563360305,162.33476776123047,0.029344564089228916,0.021048479431232493,0.020163378886487133,35.44013182572499,-2.484539148409084,1
2022-05-02,154.6243133544922,154.88860092145774,150.0333512355366,153.4007100151784,123055300,0.0019664666417034127,156.24225725446428,162.88514200846353,162.12097991943358,0.029579548658049043,0.02091286983676147,0.019967743674596878,39.93286211108855,-2.680891590868157,1
2022-05-03,156.11221313476562,157.31624964341847,153.01895506893698,154.81029731534235,88966500,0.009622676718778811,155.91923086983817,162.19386436825707,161.96788299560546,0.02856590770212663,0.02113496435167544,0.019988765013347842,39.321198386999626,-2.68548464347532,1
2022-05-04,162.51412963867188,162.96440737050813,155.89687222909777,156.29821776928353,108256500,0.041008428330842506,156.35833086286272,161.61492701939173,162.0011654663086,0.03286658281203431,0.02255960813744232,0.02068359347107758,44.79814426386109,-2.147785181320586,0
2022-05-05,153.45944213867188,160.61507214954577,151.67786848905013,160.38993331507154,130525300,-0.05571630922266191,156.35413905552454,160.76236615862166,161.9365591430664,0.03710640451463983,0.025125072603599422,0.02185530675754274,40.78724921243053,-2.4243457430931414,1
2022-05-06,154.1848602294922,156.30235682996496,151.1458596477854,152.93984857664353,116124600,0.004727099751638653,156.4857395717076,160.09491112118675,161.834189453125,0.03712368496615721,0.025010656550424844,0.02173213002244203,41.91754738265343,-2.5555282643812234,0
2022-05-09,149.06756591796875,152.763379211531,148.50879088738637,151.88108159062776,131577900,-0.033189343648311165,154.89762442452567,159.16932678222656,161.58816375732422,0.033371813491343945,0.025770349919644466,0.022128547570717704,34.77956659145613,-3.0374009738380607,1
2022-05-10,151.4693603515625,153.65548649022554,149.92045170349726,152.4594939260044,115366700,0.016112119486243248,154.49026925223214,158.45366995675224,161.3848892211914,0.03222772081631783,0.026144716608103476,0.022262621587803143,37.97421060181464,-3.1887261791504784,0
2022-05-11,143.61703491210938,152.39090538432075,142.94061098912724,150.47928231405317,142689800,-0.051841015379135214,152.9178009033203,157.56639535086495,161.0621566772461,0.037112355979597035,0.02779833747617508,0.023352111718528475,33.34464686114164,-3.8973433844182637,0
2022-05-12,139.7545623779297,143.32293029647687,136.0685607235715,139.96043637411066,182602000,-0.02689425064751849,150.58099365234375,156.40616135370163,160.59639404296874,0.03647231886941706,0.027891465573489947,0.023386096032487095,33.73483793809288,-4.716231101990957,1
2022-05-13,144.2149658203125,145.18548861119154,140.29368337256668,141.7445536898511,113990900,0.03191597731400586,147.96682739257812,155.33060636974517,160.2263003540039,0.034233691908802794,0.02874412458855827,0.0238963222087263,37.44368119491755,-4.948247915488935,0
2022-05-16,142.67593383789062,144.61698048840304,141.34269647322668,142.68574662285644,86643800,-0.010671791056272584,146.42632620675224,154.41995965866815,159.88533294677734,0.029523885917467903,0.02826018182377779,0.023813678770316815,40.3827774832751,-5.1964089626621615,1
2022-05-17,146.3031005859375,146.8226694807634,143.7934664467187,145.9305738468132,78336300,0.02542241463208561,145.30036054338728,153.6922905331566,159.69267456054686,0.03216026255812979,0.029053602953138018,0.02391187779900619,44.16238198187776,-5.0422721625957365,0
2022-05-18,138.04879760742188,144.46008977155722,137.14688920750964,143.9601314929513,109742900,-0.05641919375226845,143.72625078473772,152.46294948032923,159.37134521484376,0.036249166004117546,0.03083872095560907,0.02512622147662229,31.84171057878885,-5.522510837039533,0
2022-05-19,134.64707946777344,138.87226008655338,133.91183880440775,137.12729010884627,136095600,-0.02464141809711462,141.32306780133928,151.07954624720983,158.8741082763672,0.03452441975476064,0.031014137617478926,0.024752281018909934,33.181910438135915,-6.1071937431194385,1
2022-05-20,134.88235473632812,137.93115346240322,130.00036063657,136.3528361484188,137426100,0.0017473477292242467,140.07525634765625,149.74510483514695,158.4683056640625,0.031061897812794916,0.03108942110703901,0.024514291721701578,33.10391840625796,-6.476912594059513,1
2022-05-23,140.29373168945312,140.44077384848245,134.94117272312687,135.07841705772444,117726300,0.040119235490093,140.15228053501673,148.88416835239954,158.24492980957032,0.03457785910050535,0.032480518235138624,0.02503992082051989,37.31379045849411,-6.261090596751217,0
2022-05-24,137.5978546142578,139.17617200488684,134.62748321427134,138.03899606760518,104132700,-0.019215948159129193,139.20697893415178,147.8440457298642,158.04810028076173,0.03230083733335813,0.032495371717958785,0.02490940520226069,28.754571653471587,-6.235703549624958,1
2022-05-25,137.75469970703125,138.99969650386015,135.61759232548434,135.7058176181396,92482700,0.0011398803652362677,138.50394548688615,147.09480358305433,157.76689666748047,0.03233905260785702,0.03174536943287128,0.024514227374660125,34.21357941448768,-6.132239405021295,1
2022-05-26,140.9504852294922,141.4994623353571,134.4411574798717,134.68623761345452,90601500,0.023199103400882493,137.7392861502511,146.50846208844865,157.4615087890625,0.03200481306444736,0.03232028024651759,0.024379189859408998,37.32622896394353,-5.726360225491391,1
2022-05-27,146.6951904296875,146.73439667634008,142.4013809336445,142.5288274126525,90978500,0.040756902616134516,138.97448512486048,145.86612011137464,157.25085052490235,0.026522907797734308,0.03200201426802053,0.02508747173845349,47.75509390787158,-4.884838969428273,0
2022-05-31,145.91094970703125,147.69514080945274,143.9503080341332,146.1364342695409,103718400,-0.005346056134213462,140.58360944475447,145.4656488327753,156.9587255859375,0.023241792199799733,0.031108925035856383,0.024891749779754356,44.57414591161844,-4.232420276947664,0
2022-06-01,145.7835235595703,148.75389460714223,144.7737792988703,146.95009283292427,74286600,-0.0008733144957029371,142.1409192766462,145.0446588425409,156.6366436767578,0.023450344640333475,0.031096078209372213,0.024849069373299466,52.49040989688118,-3.683198369793672,1
2022-06-02,148.23434448242188,148.29316134885798,143.96994216366954,144.92085472708317,72348100,0.016811371155054378,143.2752925327846,144.66952224004837,156.29623107910157,0.020109110111591378,0.03127335923070516,0.024781372220397523,60.074595343646536,-3.015415453023394,0
2022-06-03,142.51902770996094,145.05805472503135,141.61713446378366,144.00910439920688,88570300,-0.038555955385485396,143.9783172607422,143.71737452915735,155.81429901123047,0.025173336115552728,0.030615981926185462,0.02527070622727664,48.04344435474416,-2.9137827057441257,1
2022-06-06,143.2641143798828,145.64630225545608,142.04851092055418,144.13659949613532,71598400,0.005227980304764568,144.765376499721,143.23188273111978,155.27169952392578,0.025107949912727984,0.028458419703359616,0.025030965464813402,50.69122986087177,-2.741513295252446,1
2022-06-07,145.7835235595703,146.06781003090646,141.26424373812603,141.50932395629872,67808200,0.017585765916277918,145.455810546875,142.83181908017113,154.76676300048828,0.024546294424037975,0.02876693015730237,0.02518492893235967,49.373069783661116,-2.374323557082988,0
2022-06-08,145.0482635498047,146.92066479832334,144.5581031788664,145.6560576230458,53950200,-0.005043505547217664,145.2205352783203,142.64042372930618,154.22989227294923,0.018910800420227684,0.02789670980479197,0.025160625516405036,60.31786947377892,-2.118234691124343,0
2022-06-09,139.8330078125,145.0385107098106,139.72517188798733,144.1856360986281,69473000,-0.03595531314660616,144.35225786481584,142.08631170363654,153.5229357910156,0.023046759191465177,0.028611270990576372,0.025373387333004562,57.25656200398244,-2.3094876362565344,0
2022-06-10,134.43141174316406,137.9899664897166,134.36278209908923,137.51941663931075,91437900,-0.03862890567711208,142.73052760532923,141.6489010765439,152.73124450683594,0.025931169446500032,0.027621091421766622,0.025835752442806226,49.4487114962671,-2.8639072924039226,0
2022-06-13,129.28468322753906,132.53933978353805,128.85333977780914,130.2551910309264,122207100,-0.03828516303509488,140.023433140346,141.15033540271577,151.89848388671874,0.024315170894215674,0.028223660358927875,0.026205817216441895,36.45352088029611,-3.6762097844506627,1
2022-06-14,130.14739990234375,131.25516732822615,128.89259032192393,130.5101288143863,84784300,0.006672999873359453,138.2560577392578,140.48045131138392,151.0888510131836,0.024290812239738207,0.02716566346483147,0.026255584737043976,40.39919382588606,-4.201914283825403,1
2022-06-15,132.7648468017578,134.63726323315953,129.5592083618082,131.64728162043858,91533000,0.020111403695948438,136.75616237095423,140.0084947858538,150.25071166992188,0.026651381658636064,0.027643535673726943,0.02618030385636353,43.95342240932676,-4.357106782426968,0
2022-06-16,127.50054168701172,129.784691319241,126.50061011925013,129.48079421494845,108123900,-0.03965134778942403,134.14430781773157,139.1131348382859,149.37345809936522,0.025344482160231763,0.027937330056522217,0.026564226263482805,34.47975319889052,-4.848987275870343,1
2022-06-17,128.97097778320312,130.46106930716064,127.25541670605972,127.51030963953596,134520300,0.011532783129667212,131.84755270821708,138.6808577037993,148.5888493347168,0.02751289251827487,0.02566739837901719,0.026605397007506762,27.309258522013593,-5.061804871027277,1
2022-06-21,133.19618225097656,134.36276639582726,130.6963761788774,130.7943992837295,81000500,0.03276089350020972,130.89943477085657,138.6117673601423,147.88267623901368,0.03133121118174458,0.02628740643860802,0.027120934691085098,35.040397345286536,-4.833804569279124,0
2022-06-22,132.6864013671875,135.04896268342907,131.27473728669952,132.137409257049,73409200,-0.003827293509272689,130.6501475742885,138.507198152088,147.20644119262695,0.02796306457122478,0.02629506100919066,0.02709891132207364,34.72794257372047,-4.640752043604579,1
2022-06-23,135.54898071289062,135.86267563561398,132.96093402675356,134.1275183400123,72433800,0.021574022026427775,131.54504721505302,138.28125762939453,146.6724247741699,0.0236719311553384,0.025150940726449515,0.027160026969119785,35.34877007620737,-4.208260093705405,1
2022-06-24,138.87222290039062,139.1173030558868,137.0194175231798,137.14684903225404,89116800,0.02451691019749558,132.79145050048828,138.3419418334961,146.16747970581054,0.024571414165823646,0.02540552059119368,0.027365409252491726,45.54169962243878,-3.5563538035427484,0
2022-06-27,138.87222290039062,140.66621143364327,138.19579927786032,139.89174976551223,70207900,0.0,133.66393280029297,138.39515722365607,145.6088917541504,0.02430831863263777,0.025405860777754988,0.027227336704405664,44.53118528004621,-3.005072763631347,0
2022-06-28,134.7353057861328,140.59762053174873,134.61767206581916,139.3330131628478,67083400,-0.029789377802536654,134.69747052873885,138.09919629778182,145.0676075744629,0.021270019979643007,0.025688766950764542,0.027223369496371518,36.77540195833112,-2.8689220575602974,1
2022-06-29,136.4900665283203,137.90173093297278,133.98044756827542,134.75490940956817,66242400,0.01302376338517286,135.77162606375558,137.6132380167643,144.5657258605957,0.021317424132486017,0.02405066045687717,0.027319953429307865,39.999996434110024,-2.589576094081565,0
2022-06-30,134.0294952392578,135.6470189893978,131.13755113159218,134.54906419941244,98964500,-0.01802747519763248,135.8906707763672,137.04745447067987,143.96901657104493,0.020228725709948426,0.024266806587001474,0.02728712104695963,42.75218403105703,-2.5374893469612516,1
2022-07-01,136.19595336914062,136.3037892489926,132.99031531614665,133.36282702594735,71051600,0.016164040057119022,136.39203534807478,136.59090350923083,143.4189646911621,0.020824954498007028,0.024649688082065215,0.027428687500387686,52.39740028194709,-2.2949405136773464,1
2022-07-05,138.7742462158203,138.82326526029516,134.23535494237336,135.05883599741875,73353800,0.01893075956296264,136.852787562779,136.14042263939268,142.93633712768553,0.02047253930960048,0.02473878591979143,0.027606881261137736,63.86037285906908,-1.8730804256009606,1
2022-07-06,140.1074676513672,141.28384979355582,138.30368070277723,138.5683715462856,74064300,0.009607124318106175,137.0292510986328,136.0255864461263,142.57101852416992,0.018618698319180588,0.023461773720187408,0.027422092592223394,64.35035241457848,-1.4148637699920812,1
2022-07-07,143.46998596191406,143.66604717243726,140.4603932776671,140.47019110271424,66253700,0.023999565240262033,137.68607439313615,136.03538985479446,142.2516096496582,0.020435618005363896,0.024043214715902993,0.027643097483002553,65.09965611183833,-0.7715032341865822,1
2022-07-08,144.14637756347656,144.64635079248632,142.1465295229667,142.40140757015126,64547800,0.004714516398865776,139.030513218471,135.95743052164713,142.06476150512697,0.01376078223555612,0.02374396323921116,0.027173644610987313,76.9695947841879,-0.20469660989311933,0
2022-07-11,142.01910400390625,143.75427642973983,140.95055766241197,142.80336382609462,63141600,-0.014757731658109452,139.82037571498327,135.8131848289853,141.83987045288086,0.016416940376098133,0.02393553354609167,0.027244314217920007,70.70000077462635,0.07201834296245124,1
2022-07-12,142.9896240234375,145.52865186539117,142.19556639366533,142.89158593841137,77588800,0.006833728647552606,141.10039411272322,135.963499886649,141.49597549438477,0.012661620313313693,0.022569150298197633,0.026442106832844016,67.32584211427087,0.3654174860117507,0
2022-07-13,142.6268768310547,143.5679764107693,139.32318560371215,140.1760748610569,71185600,-0.002536877727039477,142.01909746442522,136.3537601289295,141.26209609985352,0.012955245402801699,0.02067015062631215,0.025964800420600852,67.67793150571183,0.5621872096806442,1
2022-07-14,145.54823303222656,146.0187828364424,140.43095716603992,141.24462523992875,78140700,0.020482508388880216,142.98680986676897,137.12821488153367,141.0805744934082,0.01321047979057931,0.018679724469612097,0.02614291467473613,67.74536145175362,0.9429874911708112,1
2022-07-15,147.2147674560547,147.89119117713278,145.28353435270415,146.83244295612025,76259900,0.011450049163146625,144.00213841029577,137.9409466698056,140.902625579834,0.01329139654729546,0.01871960604893752,0.02615915625373542,65.73022490368874,1.3635319108639692,0
2022-07-18,144.17584228515625,148.58728756952976,143.8131132788738,147.77361919983474,81420900,-0.02064280114972561,144.10297502790178,138.4843274071103,140.53585983276366,0.014523113958806608,0.01929301084811866,0.0255934889124428,58.97200536495865,1.4350580732201195,1
2022-07-19,148.02845764160156,148.25392726287154,144.01894870347078,145.0090674390563,82982400,0.02672164278968081,144.65755789620536,139.46184721447173,140.42724014282226,0.017575083870648753,0.017074183106958837,0.024706848868704705,72.70611379798184,1.7820742907002796,1
2022-07-20,150.02833557128906,150.69496170219924,147.41088001170658,148.14612084165154,64823400,0.013510090975408895,145.8017338344029,140.46457853771392,140.3441096496582,0.015712883199957634,0.01710427486373019,0.024775308157317502,72.93276731425948,2.1931789763854113,1
2022-07-21,152.29286193847656,152.50853373902038,148.94996398855773,151.45958316742,65086600,0.015093991135504359,147.13076782226562,141.37394423711868,140.40861557006835,0.015921756714587485,0.01620357967586465,0.024403125161181254,81.1435586423383,2.6709220274940435,0
2022-07-22,151.05763244628906,153.2045374479934,150.3910214648786,152.3320525114364,66675400,-0.008110882391103247,148.33516148158483,142.24876476469495,140.40038101196288,0.016723117833607318,0.016366569251282357,0.024331710817960556,76.1741166277628,2.916247455310696,0
2022-07-25,149.94007873535156,151.9889458272938,149.28326552705713,150.97921649648936,53623900,-0.007398194270884395,148.96256801060267,142.9340551467169,140.52684188842773,0.016674187433176283,0.016237192156669904,0.023174643039414435,70.73176121547701,2.9860708140630834,0
2022-07-26,148.6166534423828,150.07732200029463,147.83239373585778,149.2636538636445,55138700,-0.008826361197959876,149.162837437221,143.3980756487165,140.7040837097168,0.016998289729013155,0.015853056290136957,0.02286762571502315,65.80487655566616,2.901174039697054,1
2022-07-27,153.7045135498047,154.2338952339947,149.1656377708993,149.5773707705413,78620700,0.034234791253689334,150.5240761893136,144.10437520345053,140.89387466430665,0.017734542116726995,0.01719436676137827,0.02293285138262607,67.86452440461352,3.207466842826335,1
2022-07-28,154.25352478027344,154.53781130593885,151.37137847040182,153.8907958162713,81378700,0.0035718614749127298,151.41337149483817,145.03381420317152,141.12542648315429,0.016024201608132012,0.015252363302980949,0.02286649750066486,67.72098324165829,3.4546832757105506,1
2022-07-29,159.31195068359375,160.40992030893383,156.36119003723385,158.06695385906744,101786900,0.03279293559434571,152.7396022251674,146.12057059151786,141.38560348510742,0.01892342910640317,0.016247991102096238,0.023044821269742846,77.49381858267961,4.012522908853839,0
2022-08-01,158.33163452148438,160.37070393464464,157.72384030664722,157.84147403635484,67829400,-0.006153437691917785,153.60228402273995,147.27781531924293,141.79126022338866,0.01943624801799712,0.015504269144615957,0.021489711248784148,74.38459725133849,4.325648136602865,0
2022-08-02,156.86114501953125,159.21392420256825,156.48863324172908,156.94938527079637,59907000,-0.00928740176527132,154.43135724748885,148.26187206449964,142.23554153442382,0.019580437727344104,0.015832054352782884,0.021194743903726537,71.85439415627468,4.404375028425903,1
2022-08-03,162.86070251464844,163.3116417148104,157.58657171952115,157.67479700322565,82507500,0.03824756917572003,156.27716064453125,149.40884617396765,142.79510848999024,0.021996554897168303,0.017079921121772722,0.02176189090155618,74.28501345041155,4.894460512759025,0
2022-08-04,162.54698181152344,163.8998292386339,161.19413438441296,162.7430429706028,55474100,-0.0019263130901500114,158.2672075544085,150.47739446730841,143.24017349243164,0.021037072692138403,0.017203483715925724,0.021141592115572115,72.35568430092599,5.197627140830434,0
2022-08-05,162.32122802734375,162.81206933981915,160.01426786699392,160.22042780912037,56697000,-0.001388852513062644,159.49816676548548,151.3750726609003,143.73464096069335,0.019300547751929818,0.0168552848286064,0.02090538731151146,78.8219970663598,5.357909785272852,0
2022-08-08,161.85000610351562,164.73615535552312,161.1922805564501,163.32253000929188,60276900,-0.0029030209391266437,160.5833783830915,152.21810259137834,144.21654708862306,0.0196980516443379,0.016966605383699162,0.020922612756738908,74.5961551307374,5.384838201835208,1
2022-08-09,161.8990936279297,162.78261696114208,160.25968547297944,161.0155852740051,63135500,0.0003032902228170542,160.95297023228235,153.1647687639509,144.6355192565918,0.016126553045123577,0.01636782151821374,0.020731105704041457,72.7007509705191,5.348486100498718,1
2022-08-10,166.1399688720703,166.23812814464867,163.8428202002786,164.60853143111325,70170500,0.026194558283858305,162.06844656808036,154.2671661376953,145.02441482543946,0.017809550546085847,0.016930017756057927,0.020287184853637813,74.61924279369171,5.597357139149466,0
2022-08-11,165.4037322998047,167.8579391801427,165.10922447830612,166.94496643142614,57149200,-0.004431423559688619,163.28881617954798,155.3517783028739,145.41427047729493,0.017150204766962353,0.016990033170416002,0.02028019743785696,75.96716852562176,5.669822902821636,1
2022-08-12,168.9475860595703,169.01629605421468,166.29703098384925,166.70935086886797,68039400,0.02142547638128356,164.1583709716797,156.46603320893786,145.87755172729493,0.012783627927073988,0.017028052296516234,0.020444233051417512,81.62664153480394,5.944685292200518,1
2022-08-15,170.0176239013672,170.2139574393794,168.21133138479297,168.37821564106778,54091700,0.006333549160149499,165.22560555594308,157.55188351585753,146.31321731567382,0.012377526987013306,0.0170016985347414,0.020354946888324205,85.91194936345852,6.17764676080651,0
2022-08-16,169.8605499267578,170.52810192661653,168.51564947224608,169.61512926108554,56377100,-0.0009238687790419364,166.30265154157365,158.77496483212425,146.86004776000976,0.012329257423187079,0.01590695477645896,0.019465208089068653,82.48664086067959,6.277235779422938,1
2022-08-17,171.35269165039062,172.92337473871223,169.40896440067246,169.6052979143018,79542000,0.008784510142444635,167.6601780482701,159.88564264206659,147.42181930541992,0.011602347603567646,0.01531967220854071,0.01947739087618617,83.12663140998164,6.402757161940173,0
2022-08-18,170.95999145507812,171.696253287321,169.94885973714076,170.56732446959606,62290100,-0.002291765548181335,168.95459202357702,160.88238816034226,147.92534866333008,0.011934934819027989,0.015377153874527276,0.01939239229232617,77.5457697281818,6.396807720560446,0
2022-08-19,168.37818908691406,170.5575254675204,168.1720291679761,169.8605242913159,70346300,-0.015101792800700231,169.2743377685547,161.64835611979166,148.39194717407227,0.011568312488288502,0.015920764833902052,0.01953317285386852,72.08562801097823,6.113292639163689,0
2022-08-22,164.50054931640625,166.74859572706774,164.0784180378036,166.58171149389958,69026800,-0.023029347159127855,169.1453116280692,162.28849501836868,148.8852980041504,0.014930714032984632,0.016837355384563508,0.019085118295164773,65.18665422588273,5.51217089695578,0
2022-08-23,164.16677856445312,165.6196796113523,163.5974008535258,164.0195321647684,54147100,-0.0020289947561885624,168.46233912876673,162.96595691499255,149.48000534057618,0.011342014934622547,0.016692553026563996,0.018116209252009064,53.351333446617105,4.951764219606247,1
2022-08-24,164.46128845214844,165.03066617037743,163.2047358944321,164.25514348994625,53841500,0.001793967636269933,167.66857692173548,163.720463344029,150.18353744506837,0.010765356569140117,0.016428786655203555,0.01705519379035584,54.91687373115844,4.479762463782691,1
2022-08-25,166.9154815673828,167.02346724627097,165.2662620854037,165.688378388784,51218200,0.01492261880186141,167.2478528703962,164.34955705915178,150.91889907836915,0.013100937429212077,0.01520309922750248,0.017111844166186444,60.58820674730081,4.254685183212757,0
2022-08-26,160.62289428710938,167.91680343416758,160.56399573070382,167.44560000363606,78961000,-0.037699242881392925,165.71502467564173,164.6528603690011,151.47606002807618,0.017512237498508516,0.017725366103759823,0.018008633387897124,47.77022628238329,3.527883369146508,0
2022-08-29,158.42391967773438,159.9160662270411,156.89249744175427,158.19812192757627,73314000,-0.013690293772470441,163.92415727887834,164.61057317824591,152.09452758789064,0.01730651644171284,0.016562143260680173,0.01707517510709782,44.14291203091013,2.74283117140493,0
2022-08-30,155.9991912841797,159.58232691391927,154.83098655063566,159.1602105704912,77906200,-0.01530531752078268,162.15572902134485,164.49950445265998,152.63509185791017,0.017315331411417657,0.016846375045173712,0.01727014282570795,31.79409969570358,1.903078823587009,0
2022-08-31,154.340087890625,157.63854092133218,154.26155151140784,157.3734825138846,87991100,-0.010635333298185778,160.70423453194755,164.37945411318825,153.0579699707031,0.016459317701532482,0.01688377067472452,0.016879129968104655,30.774338101740753,1.0911155587328665,1
2022-09-01,155.06658935546875,155.5181549609377,151.83684522830168,153.77076113952282,74229900,0.004707146890823299,159.40420750209265,164.00830586751303,153.50557373046874,0.01711517700463294,0.014429658815709913,0.01685087713295225,23.260281816327335,0.5004821711141005,0
2022-09-02,152.95594787597656,157.42260624530542,152.1313381712874,156.8237793213389,76957800,-0.013611194315068298,157.76058741978235,163.5515899658203,153.85371307373046,0.016631538445178184,0.014640989418151623,0.01680512163615798,18.400053356424294,-0.13633854599530082,0
2022-09-06,151.6994171142578,154.21252227519972,150.87480729194033,153.60388383195894,73714800,-0.008214984635560585,155.5868639264788,163.04578944614954,154.11025695800782,0.012626352307234766,0.014684054860281672,0.01656809196378243,17.680015293642285,-0.7339545128022564,1
2022-09-07,153.10324096679688,153.80022729759784,150.79628062278962,151.9841232844313,87449600,0.009253983167791136,154.51262773786272,162.6292768205915,154.39487731933593,0.009772957290461763,0.014930376298704508,0.016598064470170922,17.420430400435848,-1.0818220482712206,0
2022-09-08,151.63072204589844,153.4959132532277,149.88331299426738,151.80741774838046,84923800,-0.009617816785588373,153.54217093331474,162.1403067452567,154.73278564453125,0.00940777864767645,0.014992893531281134,0.016043324031834526,16.773725821199235,-1.4595052786017675,1
2022-09-09,154.48739624023438,154.92916542303703,151.91539245059826,152.62220516793604,68028800,0.018839679425065592,153.3262002127511,161.5854223342169,155.09273223876954,0.012307122266608097,0.014348683918391792,0.01614202657099945,26.345788374982646,-1.5108955628898002,1
2022-09-12,160.4363555908203,161.25115382171967,156.3820172588061,156.66669857838036,104956000,0.038507732639464276,154.1970955984933,161.34888058617003,155.6208694458008,0.0185463356883192,0.01700219589503306,0.01663950915558191,43.53525463501207,-1.0593795632067327,0
2022-09-13,151.0220489501953,157.59931943362142,150.56065692569356,156.97104316313002,122656600,-0.058679384768845155,153.61930411202567,160.49528358096168,155.91739135742188,0.030640109433447832,0.020309766737218488,0.018733527689194528,33.777567869583734,-1.4445538303629633,1
2022-09-14,152.4651336669922,154.22235404144757,150.79627611743592,151.95465448242936,87965400,0.009555457145683288,153.54918779645647,159.6594507126581,156.1912091064453,0.030599462117529782,0.0204125873132888,0.018609581050680113,35.60321886667238,-1.614748520038745,0
2022-09-15,149.57896423339844,152.39640331677907,148.6071081028978,151.81719923234522,90481100,-0.01893002920849829,153.2462659563337,158.69366091773622,156.38063903808595,0.031335105315834735,0.020611143719526243,0.018809729084266924,29.40767285602847,-1.9599259836322176,0
2022-09-16,147.9395751953125,148.57767791761873,145.6522527794473,148.4402429431555,162278800,-0.010960024001288593,152.50859941755022,157.57875061035156,156.4700308227539,0.031100670872435787,0.020359860081129888,0.018604302089500507,33.06244294470527,-2.338806301638158,1
2022-09-19,151.65032958984375,151.72886599832884,146.36888718799335,146.5750321533895,81474200,0.02508290556892745,152.5114004952567,156.65924290248327,156.62010986328124,0.032859064956706915,0.0215051898409693,0.018912569469525513,41.30547359877407,-2.312982196789733,1
2022-09-20,154.02598571777344,155.1843789131033,150.2759661753886,150.5900968013731,107689800,0.015665354202361037,152.4454847063337,155.9758046468099,156.8602474975586,0.03258434611401602,0.02186118869133956,0.01887834235784081,47.464014245260074,-2.0768798343894446,0
2022-09-21,150.90423583984375,155.83228620825895,150.78643873263653,154.45792171393398,101696800,-0.020267683166461103,151.08375331333704,155.32836114792596,157.0185397338867,0.028310563990308107,0.021749033234795448,0.019118393920340725,45.74420633564621,-2.1172596850572063,0
2022-09-22,149.94224548339844,151.64055263761352,148.14576405143103,149.58883905449844,86652500,-0.0063748399843877035,150.92949567522322,154.6510024297805,157.1648471069336,0.017749203094968323,0.0217512957634387,0.019141630165118755,43.68958126715344,-2.2015079761508503,0
2022-09-23,147.67453002929688,148.69548848555905,145.83878806603744,148.42061851178616,96029900,-0.015123926194320236,150.24512372698103,153.8516329810733,157.207373046875,0.017779670530413832,0.021836036090019856,0.019071100728623808,43.52121497317876,-2.42332644014229,1
2022-09-26,148.00828552246094,150.95333323742267,146.8989794231201,146.91861726875362,93339400,0.002260074862590278,150.02074105398995,152.95129031226747,157.22324340820313,0.016665555806976897,0.02143284437828228,0.01900728565173489,45.367154295660065,-2.5428752094542233,1
2022-09-27,148.98013305664062,151.88591989139582,147.20329010150107,149.9421927062511,84442700,0.006566169797515897,150.16939217703683,152.39687311081659,157.31932922363282,0.01630040550813419,0.020250587522841444,0.01878408119749533,44.768236590668124,-2.530033841266004,0
2022-09-28,147.09532165527344,147.8806707549768,142.1869085062377,144.93562286555536,146691400,-0.012651427829310613,149.5186767578125,151.85741606212798,157.30066650390626,0.012947939843160982,0.020225393648532392,0.018499610498679164,44.304674033259275,-2.6414959712416533,0
2022-09-29,139.8701171875,144.03245634378814,138.103085707034,143.4238179924611,128138200,-0.04911919962149536,147.4964098249163,151.08936491466704,157.09750213623047,0.018347019800543395,0.022450073273676655,0.019653368965161934,33.45915059877737,-3.2750909198342697,0
2022-09-30,135.6685333251953,140.4787870882612,135.47219979960417,138.69211755301987,124925300,-0.030039181683621075,145.31988089425224,150.2002432686942,156.76501556396485,0.01929245484500971,0.02308647365823393,0.019923819935984355,20.81882829753009,-4.069343328176558,1
2022-10-03,139.84072875976562,140.44938235522116,135.16792345973974,135.6784027716175,114311700,0.030752860168169027,143.8768070765904,149.47520228794642,156.54067749023437,0.025979827394341938,0.024347961600850055,0.020436560466608168,34.96969033146803,-4.312421866106632,1
2022-10-04,143.42384338378906,143.5416405102459,141.61753589548164,142.37343574191996,87830100,0.025622825737549704,143.26956612723214,149.02129255022322,156.41035278320314,0.028938028841253988,0.025116996838280635,0.020767535603697186,38.50759527060576,-4.167891099706878,1
2022-10-05,143.7183380126953,144.68039782185656,140.39043433471556,141.43103055560152,79471000,0.0020533170912051535,142.6567164829799,148.64124116443452,156.31238647460938,0.028930915760796098,0.025105352336162654,0.02073736973313841,42.02511386702723,-3.9836649607663617,0
2022-10-06,142.76611328125,144.83746445591814,142.55996829483985,143.13915751475955,68402200,-0.006625631388537223,141.76899937220983,148.14899698893228,156.0936184692383,0.028568177334386994,0.024979828890908478,0.02013876508247857,42.826014647246474,-3.8698912981702165,0
2022-10-07,137.52391052246094,140.47878470691822,136.8956342636469,139.9290298735793,85925600,-0.036718816799767406,140.40165492466517,147.47724405924478,155.75902618408202,0.03089554665465613,0.026016129230507962,0.02073801099721546,31.209144423385055,-4.154832480049066,1
2022-10-10,137.847900390625,139.29097534068862,136.03179615324555,137.847900390625,74899000,0.0023558802751697527,140.1127668108259,146.6848871140253,155.32974517822265,0.025442357519686123,0.025526702938354028,0.020131272458979957,27.237611880057287,-4.304883131866433,0
2022-10-11,136.4342498779297,138.76084793369003,135.68817645989057,137.33739611427865,77033700,-0.010255147221607253,140.22215488978796,145.54192969912575,154.89179748535156,0.022737622834627907,0.023499057029704076,0.020154018040541705,28.612906703328775,-4.486155528099431,0
2022-10-12,135.8059539794922,137.78895683135124,135.6292583188671,136.5814915458878,70433700,-0.004605118575428446,139.64575849260603,144.81735374813988,154.4706936645508,0.018580703944638944,0.02035353422842753,0.0201339948727748,28.89796249340587,-4.627174251768707,1
2022-10-13,140.37078857421875,140.95978909716513,131.90867508719168,132.51732843397534,113224000,0.03361291947049594,139.20960780552454,144.24143255324591,154.0208953857422,0.02081645689455725,0.02182822835457713,0.01995157650656644,39.79702243871495,-4.3207813268388975,0
2022-10-14,135.84524536132812,141.87277603175662,135.65872326737428,141.66661609125816,88598000,-0.0322399215595901,138.08488028390067,143.58744594029017,153.4868606567383,0.023343062811788173,0.022476176444251178,0.020381325730543576,34.79011338384234,-4.392502210878462,1
2022-10-17,139.80142211914062,140.282437004532,137.7006219624551,138.48597103526853,85250900,0.029122673725456183,137.6613529750279,143.19991484142486,153.03646453857422,0.027225799492433735,0.023561078668455613,0.020892437868991427,39.31921198080095,-4.0830443335241,1
2022-10-18,141.11688232421875,144.0128431743189,138.03439937209953,142.825015544548,99136600,0.00940949087025067,138.1746346609933,142.69832211449034,152.62180206298828,0.022842129800796196,0.022884666920687573,0.020963244970661186,42.94978261096449,-3.6891241644393915,1
2022-10-19,141.22482299804688,142.29485316094156,138.90805206062063,139.0945741031825,61758300,0.0007649026257547931,138.65705217633928,142.08874293736048,152.20831665039063,0.02286812228526401,0.02249917590462137,0.020964615736984975,51.91984160690453,-3.3298452982762967,0
2022-10-20,140.76345825195312,143.21766459219867,140.0370077826972,140.40024050696854,64522000,-0.0032668813902505534,139.27551051548548,141.60584876650856,151.70078643798828,0.02230359070882168,0.022183718021335203,0.02055128161711678,58.07654480691093,-3.0472160774861834,1
2022-10-21,144.5723876953125,145.14176534962488,140.03700430524796,140.25297565616944,86548600,0.027059078333680597,140.5278581891741,141.35014125279017,151.28415954589843,0.02329425778734088,0.02311498292976482,0.020987569067515973,57.58808317541854,-2.4872105947474665,1
2022-10-24,146.71246337890625,147.47817461798252,143.3256613631015,144.49386606815804,75981900,0.014802796839075372,141.4338117327009,141.30432855515252,150.83945709228516,0.020979848151223175,0.023154190601872682,0.02085415280554099,55.52984643805566,-1.8493972919760608,1
2022-10-25,149.549560546875,149.6968219607416,146.6241498720804,147.34077415249868,74732300,0.01933780609109892,143.39157104492188,141.37772260393416,150.4300958251953,0.012400755920791245,0.023536288003051697,0.021048078008757198,59.032872465498734,-1.1022891206565077,0
2022-10-26,146.6143035888672,149.20594507644813,145.32828678897533,148.19481318791426,88194300,-0.019627319179502223,144.3648398263114,141.2650640578497,149.9651708984375,0.015676618149723386,0.023904335860501724,0.02118806843796467,55.61602214742952,-0.7385378136158351,0
2022-10-27,142.14764404296875,146.31979510961392,141.48991849585923,145.35775035197634,109180200,-0.030465373681573094,144.51209150041853,141.02946036202567,149.38106994628907,0.020973465273423766,0.02466162789249672,0.021478329302674664,56.90412947694932,-0.8014458096116073,1
2022-10-28,152.88723754882812,154.61499335183578,145.11231396636444,145.4853431294892,164762400,0.07555238483314564,146.1781507219587,141.64932323637464,149.01961486816407,0.03503331926094735,0.027434018363501247,0.024214867988638353,67.12874267314729,0.015120294387514832,0
2022-10-31,150.53121948242188,151.41474288743174,149.13723186575905,150.35452378899333,97943200,-0.015410168331766783,147.57354518345423,142.35707019624255,148.6626754760742,0.036191773982883646,0.026685993894956614,0.024218326260432962,65.71805201155419,0.46676329029298813,0
2022-11-01,147.89048767089844,152.60256746450293,146.39834080336652,152.23934967138234,80379300,-0.017542751733515383,148.0475594656808,142.74039204915366,148.33047424316408,0.036647846915825656,0.026462623262125905,0.024133156068275458,62.89548362052851,0.6046387318604332,0
2022-11-02,142.37342834472656,149.3826416112209,142.34397906464244,146.22162239502856,93604600,-0.03730503166944055,147.42769731794084,142.69037228538878,147.89460723876954,0.03924233705891074,0.027321389650714876,0.024648860522684227,52.09446500777654,0.2656630349111708,0
2022-11-03,136.33609008789062,140.1842842462697,136.2084665510831,139.45783369878677,97918500,-0.04240495102932984,145.54005868094308,142.33883666992188,147.33210327148439,0.040146102630596286,0.028834916380736115,0.02527458925363726,50.497615258386205,-0.48455474284412503,0
2022-11-04,136.07061767578125,140.2890164015465,132.1373726150945,139.71869406725023,140814800,-0.001947191033117024,144.0338178362165,142.02000354585192,146.71520599365235,0.04017600017571782,0.02881640450405918,0.025136798485566866,45.91180540553556,-1.0879874991130691,1
2022-11-07,136.6015625,136.827719829141,133.40580174577732,134.82177198830993,83374600,0.0039019799666364374,143.24152047293526,141.97608221144904,146.23477935791016,0.039339729252867155,0.027703738471784763,0.02467504750239483,44.9655792860526,-1.5060091597950418,1
2022-11-08,137.17189025878906,139.06967336647747,135.19544046730184,138.06670690734794,89908500,0.00417511885187305,140.99647086007255,141.94389125279017,145.80973876953124,0.018930529706892543,0.027714183254028794,0.02464548812848959,45.52724257560291,-1.7708602788898133,0
2022-11-09,132.61920166015625,136.23779535819637,132.343875672757,136.18862678813056,74917800,-0.03318966145355062,138.43761117117745,141.76222229003906,145.34213897705078,0.020116076730070983,0.028582064129720714,0.024961700312503485,41.756523834235296,-2.321361411075628,1
2022-11-10,144.41891479492188,144.41891479492188,137.1719158689749,138.88288280173376,118854000,0.08897439425855547,137.9416721888951,142.17236328125,145.1437155151367,0.04509074400067498,0.03463923206051967,0.02811104122378554,49.866287126659515,-1.784923798350178,1
2022-11-11,147.20169067382812,147.5065147597333,141.96063992686575,143.38645323831483,93979700,0.019268777104840096,138.6314239501953,142.49764433361236,144.9864175415039,0.042835122876378466,0.0341535816893055,0.028245900699940076,50.42151745231075,-1.1223090880872917,0
2022-11-14,145.8053436279297,147.77196548965426,144.9695233350431,146.4838305708861,73374100,-0.009485944349596376,139.98417445591517,142.97193472726005,144.84340545654297,0.03825648723347235,0.03333726742729345,0.02821328663851933,46.69185759164223,-0.7017661695986988,1
2022-11-15,147.5360107421875,151.02676861885655,146.08071431905194,149.67963703147598,89868300,0.011869709787003302,141.62208775111608,143.34024847121466,144.76013732910155,0.03787730157911127,0.03289402491524521,0.028245200570065025,50.832070866733936,-0.22622472668709293,0
2022-11-16,146.30685424804688,147.36883205309908,144.83188757505272,146.64119143040293,64218300,-0.008331230375264287,143.00855800083704,143.58738999139695,144.62420959472655,0.03860016217192366,0.03295083541192084,0.02823494588252184,53.987826637554846,0.05087616753368707,1
2022-11-17,148.20465087890625,148.95196191687904,143.71091192910288,143.98623783804743,80389400,0.012971344648295746,144.5846666608538,143.91976274762834,144.55568817138672,0.03850418841278761,0.03303135002576892,0.028267129740405416,44.59373469524377,0.41878940657827,1
2022-11-18,148.76512145996094,150.15159363499748,147.4671586821555,149.76810292744864,74829600,0.0037817340935719646,146.89122663225447,144.30079432896204,144.44124267578124,0.03353085497975093,0.03300234892767,0.028141492690609494,47.872760014070955,0.7469778948417343,0
2022-11-21,145.53988647460938,147.8605015253363,145.25473282614936,147.6540145740021,58724100,-0.021680048076454628,147.0513654436384,144.34686569940476,144.14331329345703,0.014799119755805853,0.03295004189764111,0.027728763287548062,47.208046388234315,0.7383093566743355,1
2022-11-22,147.6736602783203,147.909660354169,144.47789906303868,145.65788443814483,51804100,0.014661092951197219,147.11878967285156,144.39263698032923,144.07634552001954,0.013938935745782775,0.03294704984329482,0.026561590773240593,56.845597057399935,0.8933195591847891,1
2022-11-23,148.548828125,149.29613922514196,146.84768896962234,146.95585380028717,58301400,0.005926363882565511,147.5107160295759,144.34498305547805,143.99801940917968,0.013293440955715618,0.03269909424261821,0.02653959568609432,68.20051046768009,1.074399978445939,0
2022-11-25,145.63819885253906,146.3953525551104,144.66471552066162,145.8348580598712,35195900,-0.01959375451963663,147.2396000453404,144.29850187755767,143.9192041015625,0.014913570774971428,0.03269807867765583,0.026549329468386278,63.216463241124714,0.9718412768907569,0
2022-11-28,141.81314086914062,144.19275214587688,140.98716307142482,142.7177853624681,69246000,-0.026264112118492777,146.59764099121094,144.28257315499442,143.79667541503906,0.017540910281451234,0.032513550948717836,0.026763342934904937,56.598637405506324,0.5752810729864848,0
2022-11-29,138.8140106201172,142.39326202258005,138.00770341068628,141.8819361067611,83763800,-0.021148465019831364,145.25612095424108,143.61241949172248,143.53994903564453,0.01665540229308416,0.027847298415602212,0.026659878807152343,51.95870089233387,0.018782989401671557,1
2022-11-30,145.55953979492188,146.23802684928043,138.2043770255708,139.04018245155586,111380900,0.04859400823209925,144.79818071637834,143.37567283993675,143.3706201171875,0.02753209980049863,0.029982827151357992,0.027484614009835408,64.66777682151643,0.12067105763841823,1
2022-12-01,145.83486938476562,146.64119170281938,144.16324348642758,145.73654727553216,71250400,0.0018915255587621527,144.84032113211495,143.2777862548828,143.26923278808593,0.02624766270197749,0.029751543443279106,0.027342017526046432,52.17257141465781,0.22108633698363178,0
2022-12-02,145.34320068359375,145.53003217962117,143.21924526160134,143.52408428382984,65447400,-0.003371407011547256,144.5073983328683,143.41920398530505,143.17725189208986,0.02550998668062837,0.028535236309247525,0.027331746893344496,46.93277581799024,0.25801833937447327,0
2022-12-05,144.18292236328125,148.40132070138284,143.33727415278167,145.30389650239576,68826400,-0.007983024419823903,143.88369750976562,143.79286266508558,143.10741973876952,0.025331215542029203,0.02683334145361305,0.02727109527415052,47.3013520270253,0.19145547422132836,0
2022-12-06,140.52500915527344,144.84174478338647,139.55152565219004,144.61558740538712,64727200,-0.025369947758385636,143.15324183872767,144.0049765450614,142.9577542114258,0.02600952371198409,0.02752713733641998,0.027500859090636657,39.04090475211431,-0.15467609169954244,0
2022-12-07,138.58787536621094,140.97731424983792,137.66356048798676,139.8170142991394,69721100,-0.013784975362798657,142.69248962402344,144.0995628720238,142.74990905761717,0.02468781744709436,0.02773217607020857,0.027542112729147916,38.195516232504026,-0.5786282921416444,1
2022-12-08,140.26931762695312,141.12480845757423,138.7451974772698,139.9841640195035,62128300,0.012132679401420043,142.900390625,144.24705941336495,142.6133889770508,0.023804642133136038,0.027831296054537352,0.027552616318042147,37.783811159637075,-0.7700583737719455,0
2022-12-09,139.7875213623047,143.14061609699272,138.5485396692002,139.9645101732408,76097000,-0.003434794385538953,142.07581656319755,144.58840797061012,142.6117370605469,0.011858014391385459,0.026716158514175813,0.02665305031571655,36.14571539984516,-0.9496975030124304,1
2022-12-12,142.07862854003906,142.08845624970894,138.70586361029962,140.31849324023466,70462700,0.01638992633538594,141.5392107282366,144.47696576799666,142.73993896484376,0.014399433690674021,0.018423540433298857,0.026380799031769937,44.4999958780944,-0.8968512624213361,1
2022-12-13,143.04226684570312,147.4671667934874,141.83279839446703,147.00500937638787,93886200,0.006782429669867529,141.21050589425224,144.27889796665735,142.8039697265625,0.014931615364874425,0.017944937763838632,0.026049597420175433,42.35638265455936,-0.7683555536725066,0
2022-12-14,140.82000732421875,144.2124280542218,138.80421630941913,142.9242927483946,82291200,-0.015535684455290966,140.73008946010046,144.041500999814,142.7518930053711,0.01567509944670831,0.018131996203765197,0.025898384539887378,37.78743821579265,-0.8362003527635125,0
2022-12-15,134.22193908691406,139.43348990576752,133.7597817593244,138.7550029778536,98931900,-0.04685462217107783,139.82965087890625,143.4074975876581,142.56196502685546,0.02167929078371027,0.020358635343719123,0.026727878662470846,33.84355254576943,-1.4061673869045421,0
2022-12-16,132.26515197753906,135.35274779526193,131.49817062820333,134.4087776749108,160156900,-0.0145787426607501,138.92640468052454,142.7388450985863,142.35194580078124,0.02172681180128262,0.020465911637787586,0.02678551009387593,35.73312186982865,-1.9927950333537297,0
2022-12-19,130.16087341308594,132.94364536804903,129.12840885731634,132.8551509782634,79592600,-0.0159095463392388,137.48234122140067,141.87961760021392,142.20468505859375,0.02026723645168721,0.020195131733448016,0.02638067172380981,36.71496294380521,-2.597556350860316,0
2022-12-20,130.09202575683594,131.02616804412892,127.7222430565094,129.1972093009086,77432800,-0.0005289427955166293,136.09727042061942,140.99042256673178,142.04956756591798,0.02046364980762117,0.02011280601766385,0.026376861359632995,20.12903393107935,-3.047262536859904,1
2022-12-21,133.18946838378906,134.52677190815584,130.53453175568677,130.76068907847488,85928000,0.023809627138428713,134.82739039829798,140.40230741954986,141.98467193603517,0.02218055626312404,0.020797316247338517,0.026567499572308927,27.979399621515086,-3.1177803643464017,0
2022-12-22,130.02320861816406,132.31432503613755,128.1254256005218,132.10783812958184,77852100,-0.023772598569891,132.967524937221,139.56180972144716,141.8690170288086,0.02156094101433401,0.020763336094414612,0.02677073218213615,25.595200766166187,-3.390078240525611,0
2022-12-23,129.659423828125,130.21007573511977,127.47647162243918,128.73510883960984,63814900,-0.0027978450455516946,131.37315586635046,138.66231427873885,141.65478973388673,0.021879776015779683,0.020602834021804312,0.026314506438947283,26.261624624151295,-3.5938035314323997,0
2022-12-27,127.85997772216795,129.21695222981506,126.57184221320604,129.18745408870456,69007800,-0.013878251598143487,130.46430424281527,137.81573232014975,141.4950843811035,0.01567352142561013,0.020455020001416933,0.02599947811625604,27.96028357946986,-3.856007895650123,0
2022-12-28,123.93653106689452,128.84325132058044,123.76936998157429,127.50594763388185,85438400,-0.030685494594710927,129.27450125558036,136.96446518670945,141.1777865600586,0.018012234289054716,0.020695565274904428,0.025966485053060737,26.15232807687559,-4.330477054980435,1
2022-12-29,127.44693756103516,128.30241331797103,125.59831560715068,125.8539710621533,75703700,0.028324227440623684,128.8867961338588,136.42317599341982,140.9043876647949,0.022442983830197247,0.021699381086778397,0.026273281823436516,30.302092673007408,-4.372829558570089,1
2022-12-30,127.76160430908205,127.78127473228464,125.30333405560762,126.26698223669044,77034200,0.002469002033855805,128.5538787841797,135.5756552559989,140.63512329101562,0.02252178682298122,0.018175224657971494,0.026277654183436572,31.430275278859114,-4.331077283093094,0
2023-01-03,122.98272705078124,128.7154254385632,122.0977455022682,128.1057773178633,112117500,-0.037404643469721166,127.09577287946429,134.48745800199964,140.2795086669922,0.022550507416006796,0.01930628059553664,0.026759085637160018,22.61703199346384,-4.630229358146835,1
2023-01-04,124.2511978149414,126.51281646624362,122.9925607402256,124.77235152537196,89113600,0.010314218871048553,126.27119990757534,133.4830769130162,139.87308486938477,0.023034695424934314,0.01969401920224973,0.02648688210735696,23.28768311837169,-4.710653067009247,0
2023-01-05,122.93356323242188,125.6376690392261,122.67790772126833,125.0083504698081,80962700,-0.01060460265728791,125.31036267961774,132.47120266868956,139.39750686645507,0.023029420703712104,0.019707187617055276,0.026388027016460616,23.90243630931316,-4.825090890313163,1
2023-01-06,127.45681762695312,128.1156344580481,122.80575895135166,123.90707040938508,87754700,0.03679429990961425,125.25276838030133,131.84890783400763,138.95565200805663,0.02805243941615788,0.021460210920553696,0.026804432170329018,39.4930658248967,-4.498933952422732,1
2023-01-09,127.97793579101562,131.18353963295718,127.72228030225448,128.29260255023266,70790800,0.00408858603066431,125.83011191231864,131.3436726161412,138.58292465209962,0.024603129005094527,0.021424497621007402,0.026711090144936448,43.03071508796719,-4.150557307626968,1
2023-01-10,128.54823303222656,129.06938662217885,125.9817909176488,128.0860756971166,63896200,0.00445621534435614,125.98743983677456,130.78552573067802,138.31093643188476,0.022360039929874644,0.021207648493557937,0.026416451888439624,47.24089282646755,-3.7848190475037597,1
2023-01-11,131.26222229003906,131.2818777117784,128.2827904454057,129.05959971999454,69458900,0.02111261425998845,126.48752811976841,130.37955910818917,137.87843612670898,0.0235794760195655,0.02190153419961004,0.024197203018013376,51.835942531096585,-3.2386395690346603,0
2023-01-12,131.18353271484375,132.0193381171801,129.24640871746402,131.6456901154858,71379600,-0.0005994837952799648,127.65907178606305,129.8607450212751,137.4914823913574,0.015498852768654644,0.021468193648277737,0.024129770467142066,46.52354955953661,-2.780090831856114,1
2023-01-13,132.510986328125,132.6683196907436,129.46273119909978,129.82655147153693,57809700,0.010119056758189027,128.83904157366072,129.359255472819,137.18389236450196,0.015497038150691684,0.02156080168903647,0.024094124383699764,54.605028278843164,-2.283253318399119,1
2023-01-17,133.67132568359375,134.99878678874634,131.89153482883353,132.57984966159466,63646600,0.008756552098974746,130.37300763811385,129.0188420613607,137.0098503112793,0.012845397485788917,0.021529488225453464,0.023588564780232753,57.21355156930493,-1.775410493819635,0
2023-01-18,132.9534912109375,136.29674271738915,132.7764874230637,134.53662257229425,69672800,-0.005370145534094539,131.15824672154017,128.95843978155227,136.94219833374024,0.008483131725231564,0.018985606755292882,0.0228309069678197,59.52896483193566,-1.4145584895454135,1
2023-01-19,133.01248168945312,133.97612225756075,131.53751520588366,131.8423392118264,58280400,0.0004436925873727571,131.8774675641741,128.99402691069105,136.88103561401368,0.008733928268277309,0.018700798169748175,0.02282978521515199,69.84940453605134,-1.1110135649527422,1
2023-01-20,135.56907653808594,135.71658218378784,131.97999755468973,133.02230476612493,80223600,0.019220713847003745,132.8804452078683,129.25156039283388,136.8603858947754,0.010099097423365871,0.018736838588040004,0.022988236273719816,68.53674649222907,-0.6565874558800431,1
2023-01-23,138.75503540039062,140.92815961902411,135.59860004292767,135.81492969380113,81760300,0.023500631144371953,133.95084708077567,129.66408466157458,136.89204879760743,0.010653995589335245,0.019293237345016694,0.02321939434274583,72.18250936990337,-0.03892256139843653,1
2023-01-24,140.15130615234375,140.7707968417757,137.9585269717819,137.9683546796287,66435100,0.010062847434142208,135.2319575718471,129.99560074579148,137.04269088745116,0.009957349436477945,0.018787440909767177,0.02273978151044118,90.11932107080892,0.5568299094925067,0
2023-01-25,139.49252319335938,140.05300275817604,136.49342112366645,138.53871015801215,65799300,-0.004700512446657368,136.2293199811663,130.44652048746744,136.94416305541992,0.011297329854312602,0.017888421730080928,0.018909984989014677,86.6603465215896,0.9646894166306197,1
2023-01-26,141.55747985839844,141.8426334902846,139.53184628445516,140.78065564701856,54105100,0.014803350156457507,137.35591343470983,131.01309458414713,136.83127883911132,0.011642790075475924,0.017990357225982433,0.018824979437960836,93.24198408969968,1.4379697397575626,1
2023-01-27,143.4945526123047,144.77285978471076,140.69212554632242,140.77079221891566,70555800,0.013684001409490554,138.86177934919084,131.7575981503441,136.78506301879884,0.010036061581272024,0.0175955563405771,0.018887049931309758,92.31961050057215,1.9469106144306352,0
2023-01-30,140.6134796142578,143.12092578303154,140.46598895897412,142.54077586673455,64015300,-0.02007792592539026,139.9476361955915,132.55173855736143,136.64661239624024,0.015267945586183997,0.016625635977076024,0.01901229601896829,79.64934215849924,2.0936372643795096,1
2023-01-31,141.88194274902344,141.93111130163894,139.9054929686203,140.31848180314623,65874500,0.009020921310285201,140.84947422572546,133.23911975678942,136.55811416625977,0.014493525017015563,0.015854784351626763,0.01903007054739578,80.29497661931362,2.2859228696554794,1
2023-02-01,143.00291442871094,144.16322923439725,138.96152054070433,141.56728874190614,77663600,0.007900735343541188,141.45631408691406,133.9648964291527,136.45407943725587,0.012530528327344297,0.01585158403865561,0.018970579842667343,78.75724314853463,2.4999458240814647,1
2023-02-02,148.302978515625,148.65695608667727,145.69719525256042,146.41500811186492,118339000,0.03706262986378661,142.62083871023995,135.17062268938338,136.44483657836915,0.017670811213671252,0.013993981263743295,0.019695250487188135,83.3909919262097,3.0619353500199793,1
2023-02-03,151.9215545654297,154.75349514117664,145.36287177724367,145.5595309829737,154357300,0.024399887891823013,144.39641462053572,136.48825872512091,136.57246994018556,0.017541116434501857,0.014389728583672294,0.0197320427871712,84.7536410850447,3.756008021323481,0
2023-02-06,149.19778442382812,150.54493079230497,148.26364190831887,150.02377712562708,69858300,-0.01792879324723129,145.4878867013114,137.73893592471168,136.6029524230957,0.020845016098028284,0.014983433455629054,0.019811343252686547,76.32550905094442,4.039712832031,1
2023-02-07,152.0690460205078,152.63936822302708,148.12597415973434,148.12597415973434,83322600,0.019244666452440384,146.7128143310547,138.91094680059524,136.67335678100585,0.02121275334240705,0.013821690496459082,0.019976043100111442,80.2052134714861,4.444998576542304,0
2023-02-08,149.38461303710938,152.0002240332312,148.64712974900905,151.31190929849808,64120100,-0.0176527245593191,147.96583339146204,139.93031238374255,136.74828506469726,0.020681020804726395,0.014940261246269224,0.019937720874942912,73.8881932706505,4.4977320862268755,0
2023-02-09,148.3521270751953,151.75438976697808,147.9096401221254,151.21356571138807,56007100,-0.006911595116276037,148.89014543805803,140.87335495721726,136.87906478881837,0.02152055545195632,0.01525853766719166,0.019588311734242556,69.51959998508798,4.405427755414223,1
2023-02-10,148.7165069580078,149.0414968354293,146.95369947058745,147.1900598433605,57450700,0.0024561823951996242,149.7063729422433,141.70451136997767,137.07711471557616,0.02156354134228463,0.014932766871479363,0.019324075507430122,66.64541905808501,4.311972583686611,1
2023-02-13,151.513427734375,151.9171894883824,148.6279189411094,148.65746211757215,62199000,0.018807063409288727,150.16500854492188,142.67260160900298,137.19619247436523,0.017955995339054526,0.015099060501282721,0.01827522618179681,68.13690387461406,4.412729618383025,0
2023-02-14,150.87326049804688,151.43461079325414,148.56880303013764,149.8096612758476,61707600,-0.0042251518291199774,150.01525224958147,143.5469956170945,137.29696029663086,0.015401667858911065,0.015273986493484876,0.018289372861598676,68.17742245237568,4.390315326220048,1
2023-02-15,152.9709014892578,153.1383177826238,150.55811427879885,150.78461690781828,65573800,0.013903331738748248,150.55426897321428,144.46602303641183,137.44951431274413,0.01418248244994405,0.015356287474082408,0.018371099878638195,68.21061293652494,4.490055372100983,0
2023-02-16,151.3755340576172,153.95573796607766,151.02100096105386,151.17855953849067,68167900,-0.010429221610834594,150.4551958356585,145.343263171968,137.59336654663085,0.01314473810654677,0.015590609064922148,0.018399261049737544,62.71307510463608,4.389764782479659,0
2023-02-17,150.23312377929688,150.6762863218937,148.55894582557343,150.03616431892533,59144100,-0.007546862083310568,150.576411655971,146.16329374767486,137.78752883911133,0.011395551309263249,0.015836598952576986,0.018044401894901262,66.43995116254933,4.170031280859291,0
2023-02-21,146.22496032714844,149.00213887625634,146.15603126407484,147.9188390818426,58867200,-0.026679625313767108,150.27253069196428,146.67071678524925,137.94027053833008,0.015392370457856385,0.017033286073053933,0.018356713706588024,56.786683389526594,3.6306141448786775,1
2023-02-22,146.64840698242188,147.67260518894304,144.92498541296462,146.60900607426132,51011300,0.0028958575493955863,149.97708783830916,147.04659162248885,138.06785232543945,0.015414272396075361,0.01642097990232335,0.01829120752202791,55.82364030719324,3.2003985818401475,1
2023-02-23,147.13095092773438,148.0566768897737,145.0037677901394,147.810473815914,48394200,0.003290482012329843,149.35101972307478,147.3789556594122,138.21472091674804,0.012841826581521248,0.0163367999451969,0.01828224810315015,47.787087956411305,2.8653568619136536,0
2023-02-24,144.48184204101562,144.9545478123535,143.50687229977612,144.87576101262292,55469600,-0.0180051095300805,148.4379599434989,147.61654227120536,138.2627851867676,0.013876392992437113,0.016876765479487462,0.018345583771301015,35.41924721928322,2.358881223008865,1
2023-02-27,145.6734619140625,146.90447752822308,145.21059884097443,145.46665970602933,44998500,0.00824754070278666,147.39546857561385,147.81254141671317,138.31540908813477,0.012627238062365051,0.016683935016317458,0.018356988107635225,42.65152238236137,2.030245983277979,0
2023-02-28,145.1711883544922,146.81582313308783,144.5999954030627,144.8166553166064,50547000,-0.0034479413955756932,146.5091334751674,147.8923812139602,138.40243270874024,0.012576670245327113,0.016475828225644428,0.01822017378793035,34.04083609640924,1.7095641185285047,0
2023-03-01,143.1030731201172,144.99391093566584,142.80762642427203,144.59999202590106,55479000,-0.014246044671928249,145.4905548095703,148.0109332856678,138.5800553894043,0.01297223210383536,0.016154425770986327,0.017025037946946854,35.040137218775996,1.2738575776660355,1
2023-03-02,143.69398498535156,144.481837933212,141.71450238763347,142.1872231725768,52238100,0.004129274461760701,145.12898690359933,148.0972210112072,138.80863204956054,0.01001132290118019,0.01606741126142651,0.01687104120822028,38.668013891961635,0.9651134271780677,1
2023-03-03,148.73623657226562,148.81502337863614,145.09243318314816,145.79164167073546,70732300,0.0350902063675671,145.42724827357702,148.3702363513765,139.18013931274413,0.01748261557280111,0.017688138143534704,0.0173144583632848,50.03909805356404,1.1144523141885827,1
2023-03-06,151.49366760253906,153.92615502016272,151.12929188498998,151.45426669807628,87558000,0.01853906683280715,146.05049351283483,148.52217392694382,139.6081721496582,0.018564743540599695,0.01625733556747575,0.017448700158638388,49.96078008561147,1.4387214125327148,0
2023-03-07,149.29759216308594,151.69067950386318,148.83472905134718,151.36568955134143,56182000,-0.014496153365398556,146.73845781598772,148.39722333635603,139.93033462524414,0.017896504297815915,0.01568025497527617,0.017366061197757767,47.05453487476574,1.5011972076603968,1
2023-03-08,150.54827880859375,151.13917230662574,149.52408044265695,150.48919246419973,47204800,0.008377138756140212,147.4348602294922,148.46153259277344,140.34083602905272,0.017900694519738965,0.015281825587293338,0.016966543539157258,45.32319552918595,1.6328076945655141,0
2023-03-09,148.30288696289062,152.19289270805663,147.9483539187185,151.22778082054958,53833600,-0.014914762649381741,147.88224574497767,148.28219168526786,140.71370529174806,0.01925963226228827,0.015006840392289755,0.017137831701792748,44.21356441259787,1.538194251377348,0
2023-03-10,146.24464416503906,148.64758887079853,145.36816171354923,147.92868001277867,68572400,-0.013878642823498044,148.33104160853796,148.13266935802642,141.08139862060546,0.019204550796749584,0.014819964469888073,0.0171378394878942,42.739311422204864,1.2823473219696382,1
2023-03-13,148.18472290039062,150.81417020284252,145.4567883472071,145.56511831219402,84457100,0.013265981441085595,148.97257559640067,148.12469773065476,141.5663624572754,0.019580001778942577,0.015063289660829721,0.016498725890292876,53.85807707442798,1.2220479194478457,1
2023-03-14,150.27249145507812,151.07018694052056,147.820318670502,148.98238986483992,73695900,0.014088959467777773,149.1920405796596,148.19879223051527,142.02287353515624,0.015255250100610318,0.015366881878860919,0.016185210740236402,56.695768078810616,1.3274239654876396,1
2023-03-15,150.66647338867188,150.92251923505987,147.64309172837056,148.89380784086055,77167900,0.002621783466680183,149.07386997767858,148.15846107119606,142.48097091674805,0.01337448081642189,0.014804040190299586,0.016185040316494925,56.55358973256611,1.4262849653156024,1
2023-03-16,153.4830322265625,154.08376844517147,149.33696504123728,149.84907174243986,76161100,0.018693998568777737,149.67178998674666,148.28273591541108,143.09097702026367,0.013552507758307245,0.015325235667517083,0.01521158601712585,66.58203737706171,1.7121689611913098,0
2023-03-17,152.64593505859375,154.35951419092353,151.93686886777078,153.70953434482817,98944600,-0.005454004627254649,149.97145516531808,148.2672613234747,143.65887176513672,0.013819783892505724,0.015086095094397255,0.0152531147833078,63.014723976704126,1.849863269789381,1
2023-03-20,155.00946044921875,155.4230948668754,151.80882025865256,152.71486085947325,73641400,0.015483709996717332,150.9295370919364,148.44030543736048,144.30038970947265,0.012287755557176755,0.015248699007746598,0.015181056805900288,67.17088783227331,2.1252056991990855,1
2023-03-21,156.8609161376953,156.9790888157361,154.1625247817563,154.93069227015488,73938300,0.011944146396684507,152.44614737374442,148.75591459728423,144.8884716796875,0.00846588841955596,0.01528022940516642,0.014502513562862624,74.19475506686045,2.4644054273136646,0
2023-03-22,155.43292236328125,159.67746084227036,155.41322191031108,156.8805976022137,75701800,-0.009103566456035161,153.48160443987166,149.1943889799572,145.4375714111328,0.010931160718356495,0.014053168086341076,0.014625233007837737,70.05384895703813,2.588161774432365,1
2023-03-23,156.5162353515625,159.0964541870748,155.28521978995877,156.41776312286146,67622100,0.006969649491304741,154.37356785365515,149.66428556896392,145.99693145751954,0.010471977762472103,0.014079666826098403,0.014631154523424566,65.36965918887797,2.742045284494452,1
2023-03-24,157.81619262695312,157.9048221395663,155.45264879499626,156.44730394409444,59196500,0.008305574641957802,155.39495631626673,150.17310660226005,146.52801086425782,0.010397381350116119,0.014123744967184456,0.014437157255866424,63.25358741482868,2.935061204266617,0
2023-03-27,155.8760986328125,158.3282868109909,155.4723219600322,157.5108907515981,52390300,-0.012293377262792227,155.73682294573103,150.71569024948846,147.02186218261718,0.011013749897579457,0.013739927653078576,0.014603530440879451,63.939790364311364,2.8980711794357035,0
2023-03-28,155.2556610107422,156.08291480553032,153.61102618902072,155.57080817581272,45992200,-0.003980325575968169,156.1096409388951,151.17198544456846,147.47675567626953,0.010854554653204082,0.013797026195077175,0.014610405192122079,60.248635798585205,2.786570339081777,1
2023-03-29,158.32827758789062,158.60402382956926,156.92984592593675,156.9495313524544,51305700,0.01979068948046825,156.58375767299108,151.7985135033017,147.96989471435546,0.011796070660202124,0.014170092068384208,0.014777234610863901,71.06783402359767,2.9125653581886297,1
2023-03-30,159.89414978027344,160.00247975071784,158.82070781762587,159.07675364456475,49501700,0.009890034908726753,157.01707676478796,152.59808858235678,148.50870788574218,0.011562346464524151,0.013561939395256819,0.014747896257480323,79.28984085530288,3.1030006579275096,1
2023-03-31,162.39556884765625,162.49405610459849,159.4509892058579,159.97293860815142,68749800,0.015644218821140532,158.0117405482701,153.48864019484748,149.09636962890625,0.01109101501333201,0.013740272665192016,0.014833650801550656,79.7770340178511,3.4163836741189755,1
2023-04-03,163.64627075195312,163.76444342844442,161.725889623748,161.7751332479675,56976200,0.007701576546526034,159.03031703404017,154.19864182245163,149.6579135131836,0.011101469728418507,0.012027351330584583,0.014682817524866698,79.04183521453072,3.7227496230547956,0
2023-04-04,163.114501953125,164.3061166832112,162.60239523685718,164.06977129650792,46278300,-0.0032495014789194476,159.78721836635046,154.75201488676527,150.1451028442383,0.011624086034898702,0.011702756238935467,0.014438506826019036,76.87072051478329,3.8779351247583804,0
2023-04-05,161.2728729248047,162.54328933366952,159.34264903941414,162.2379998945446,51511700,-0.011290406470722991,160.55818612234933,155.32226635160902,150.5675341796875,0.011382134319843697,0.011473693876913967,0.014551012573021861,67.55426877701404,3.8084156366571733,1
2023-04-06,162.1592254638672,162.45467221127325,159.53962067833683,159.96308282888376,45390100,0.005495980340573192,161.5444096156529,155.8751685732887,151.02086822509764,0.010688200286469987,0.011432668415594344,0.014513509786127001,71.39054697862466,3.7812542387064525,0
2023-04-10,159.5691680908203,159.5691680908203,157.6487867222166,158.96843186504725,47716900,-0.015972309719893163,161.7216796875,156.41165815080916,151.3811019897461,0.011658830684265943,0.011520323395425098,0.014659712578602581,60.14907154632691,3.510268461394247,0
2023-04-11,158.3578338623047,159.8941387722609,158.0722298566841,159.88429605818737,47644200,-0.007591279963471309,161.50220598493303,156.9884767078218,151.6783676147461,0.011348878049172461,0.01111928678892781,0.014637307648090571,53.42959304390628,3.161323957106873,0
2023-04-12,157.66845703125,159.59868074602483,157.35330987869057,158.77144201112134,50133100,-0.004353285304812382,160.826904296875,157.44008309500558,152.01946716308595,0.008533713452039269,0.011038134629842562,0.014316985704691698,55.30126166756644,2.7969148808191733,1
2023-04-13,163.04554748535156,163.28190788405584,158.96842452673738,159.1752417539843,68445600,0.03410378052368346,160.74108668736048,158.04832385835192,152.4427392578125,0.016642482808077834,0.012770200049073985,0.014978166896044183,62.863759973881976,2.9084772090597824,0
2023-04-14,162.70091247558594,163.79405517163002,161.33202342621988,162.09031838433074,49386500,-0.0021137345673091223,160.6820024762835,158.62139238630022,152.83669921875,0.016615679615977496,0.012836823276921854,0.014976805393952792,60.00008746659869,2.9352463006736684,1
2023-04-17,162.7205352783203,162.8781088558677,161.53876350080176,162.58266215472722,41516200,0.00012060659301660337,160.88881138392858,159.06127348400298,153.12505035400392,0.015895682378066923,0.012387242777916137,0.014134214258149445,65.20788933182618,2.924334487191288,1
2023-04-18,163.9417266845703,164.8674527745674,163.13417327770642,163.5773508935462,49923000,0.007504838920061596,161.1434544154576,159.5991683233352,153.36545379638673,0.016000078570423355,0.012274659622241536,0.013784296508951228,68.7980228805869,2.9798765747086406,1
2023-04-19,165.08412170410156,165.60607111909823,163.02585218946157,163.2819130529251,47720200,0.006968299301429504,161.93130493164062,160.07891409737724,153.6831805419922,0.014009507744850543,0.01199565005756768,0.01351079975757284,65.95357672797294,3.080564974467393,0
2023-04-20,164.11898803710938,165.32046042282218,163.04554607797024,163.56749547193866,52456400,-0.0058463143337437184,162.75432695661272,160.4245365687779,153.9241793823242,0.013762539306054623,0.011965842540544292,0.013326281134117128,60.26806541502225,3.047355023926059,0
2023-04-21,162.51373291015625,163.92200731179602,161.99178358382397,162.5432760775303,58337300,-0.009781044510158377,163.4465092250279,160.76171802339098,154.18676177978514,0.014522271369295611,0.01199877711678288,0.013139220098080375,50.300266300225985,2.8585535992843063,1
2023-04-24,162.8190155029297,163.08491902519904,161.4008834202169,162.49402564838778,41949600,0.0018785033566499632,163.41414751325334,161.06185041155135,154.47609954833985,0.006357531288924751,0.011948738590212223,0.013079354011160232,47.791763029677504,2.702409173141973,0
2023-04-25,161.28273010253906,163.78414697340926,161.24332919160244,162.68116189989732,48714100,-0.00943554041059158,163.21155003138952,161.22692362467447,154.72742401123048,0.007265879321323076,0.012103030181820518,0.013177641196352759,45.35922900583349,2.426724429288271,0
2023-04-26,161.2728729248047,162.76979197769046,160.32746143764658,160.58350725145092,45498800,-6.111737895375668e-05,163.00474112374442,161.4839128766741,154.92261291503905,0.0072605836455612634,0.011714095760167445,0.012946125762766377,50.0,2.182290801785456,1
2023-04-27,165.8522491455078,165.99996498511996,162.68115222078845,162.68115222078845,64902300,0.028395204584954037,163.27767290387834,161.98851231166296,155.22219268798827,0.013268239257581797,0.012991742723817843,0.013471682436260147,58.549895645956475,2.331219928307604,1
2023-04-28,167.1029815673828,167.27041291997128,165.33033104891717,165.93106728858945,55275900,0.0075412448629363915,163.56608145577567,162.40635535830543,155.5048342895508,0.013307639547647552,0.01247569007759283,0.013386576101627249,68.59505875263633,2.5211092100536234,0
2023-05-01,167.0143585205078,167.86129792357815,166.07878959348815,166.70906903109534,52472900,-0.0005303498839083209,163.97970581054688,162.7454129173642,155.8176107788086,0.012944425075761828,0.012379990319542608,0.01327390071649795,72.61977860037543,2.63408262978993,0
2023-05-02,165.9803009033203,167.76282424517206,164.99548835131355,167.5067633643402,48425700,-0.006191429445633778,164.4749298095703,162.9161144438244,156.13255432128906,0.012434529162853996,0.012103762345526702,0.013255263874871555,71.33480754904978,2.610087605935462,0
2023-05-03,164.90684509277344,168.32414556576836,164.6212560883793,166.925713661642,65136000,-0.006467368746199242,164.77319117954798,162.97614179338728,156.50619201660157,0.01295858988043011,0.012112817539059994,0.012654852454594174,56.1324112579532,2.475911695168975,0
2023-05-04,163.2720489501953,164.50306450874902,161.81453073644045,162.3857237588548,81235400,-0.009913452298832226,165.05737958635603,162.983644031343,156.83866485595703,0.013029288295853942,0.012300001467053472,0.012775457309448533,51.734283490251315,2.212161512167114,1
2023-05-05,170.9339141845703,171.65282310766082,168.1665784150509,168.3832383689214,113453200,0.04692698648445437,166.4375283377511,163.44369361514137,157.31472412109375,0.021345665519342,0.015693042821412817,0.014254305898783962,67.03433373714051,2.5915127377748775,0
2023-05-08,170.86495971679688,171.20965008439242,169.49607101524845,169.86044681233005,55962800,-0.00040339840167102903,167.15362984793526,163.8582523890904,157.84238647460938,0.019582910163729286,0.015696852088833972,0.013936193208525268,65.07930810549244,2.8536916864739794,0
2023-05-09,169.16123962402344,170.9043468501181,168.993823309898,170.421798364417,45326900,-0.009971149705576221,167.44766671316964,164.3150177001953,158.31214202880858,0.020226239105170067,0.015393357762471723,0.014046044856850215,58.6683025831216,2.8906725455870514,1
2023-05-10,170.92405700683594,171.38692008917508,169.28926463206565,170.3922648627901,53724500,0.010420929680643898,168.00619506835938,164.91340927850632,158.82719940185547,0.02042752377885327,0.015281300725219849,0.014051244928364804,63.993516212293216,3.027327624767935,1
2023-05-11,171.11117553710938,171.9384144483228,169.5551699505623,171.20966280003566,49514700,0.0010947466000408301,168.73917715890067,165.5535387311663,159.3873614501953,0.02003407765098671,0.015182744960697962,0.013824461731775851,68.774215733446,3.1148209442076507,0
2023-05-12,170.18417358398438,171.65356424240227,168.63587209674515,171.21964497087455,45533100,-0.005417541842110518,169.49308122907365,165.89347330729166,159.91716522216797,0.01994177539752884,0.013636887075910552,0.013883844182200802,65.65811490028995,3.0739244324742856,0
2023-05-15,169.6910400390625,170.8152782783789,169.09932936665282,170.76596654770685,37266700,-0.002897646323607894,170.4100799560547,166.22633652460007,160.33626129150392,0.01925059533490552,0.013650149517233687,0.013138297038466338,68.70549337895591,2.967514239555811,0
2023-05-16,169.6910400390625,170.7462388458725,169.4247687316954,169.6121442795527,42110300,0.0,170.23252650669642,166.55826532273065,160.7002087402344,0.006321582976412704,0.013651045840462043,0.012942989434363577,68.7356390540301,2.8503266041973916,1
2023-05-17,170.30250549316406,170.53917778241149,168.06388478776768,169.3360585337975,57951600,0.0036034044812314203,170.1521759033203,166.8611595517113,161.12030700683593,0.006563988062640278,0.013600069953164382,0.01271321548011482,62.02918826530107,2.774808446289967,1
2023-05-18,172.62985229492188,172.81722786089622,170.19400003291315,170.60819152451643,65496700,0.013665957497326575,170.64769199916296,167.22048005603608,161.5619384765625,0.006921271868825064,0.013801890734475516,0.012783101904794687,64.11763100968565,2.869677344408217,1
2023-05-19,172.7383575439453,173.95134816577144,172.5213979143073,173.95134816577144,55809500,0.0006285427901431273,170.90687779017858,167.63092622302827,162.0506478881836,0.006093653522630062,0.0136845176703364,0.012529491787158606,64.60633207904507,2.9199576423499423,0
2023-05-22,171.79161071777344,172.2945693897219,171.05197977463047,171.57465110395842,43570900,-0.005480814103092424,171.00408281598772,168.0727299281529,162.56158721923828,0.006652314929685327,0.013522332389264795,0.012351851980354664,64.89550268068204,2.8505512042637804,0
2023-05-23,169.18812561035156,170.9829707500323,168.9119979039132,170.73642708015296,50747300,-0.015154902480651322,170.8617902483259,168.37602088564918,162.9816552734375,0.008791168089123471,0.014075667815208671,0.012536392271942077,60.17561751184831,2.5560026051226146,1
2023-05-24,169.46424865722656,170.03623176135926,168.16250594092847,168.72461766792532,45143500,0.0016320474376017025,170.8293914794922,168.76561700730096,163.36549041748046,0.008778166873282922,0.013834298187193542,0.012429381071738046,65.73358684155839,2.3181295855447956,1
2023-05-25,170.59835815429688,171.49576564962197,169.31632809947834,170.02637505144455,56058300,0.006692323047820414,170.9590083530971,169.20968773251488,163.76412811279297,0.009154603792412206,0.013851525601383505,0.012443641548677928,48.7241727805735,2.195814677259591,1
2023-05-26,173.00462341308594,173.33993425328168,170.71670589408566,170.92380920574092,54835000,0.014104855901442725,171.34502519880022,169.55027698335192,164.15455993652344,0.010458542859391243,0.012844070882198903,0.012338714080182292,56.90756060771755,2.266913163751383,1
2023-05-30,174.84877014160156,176.51540772383512,174.1288668535482,174.51347436884586,55964400,0.010659522804268295,171.6620134626116,169.91912405831474,164.5986166381836,0.009963950098346048,0.01292799837352608,0.012337929002860525,68.19629491492988,2.4438947578501597,0
2023-05-31,174.79946899414062,176.8704419237823,174.31623796446905,174.87836477742368,99625300,-0.0002819645080774924,171.95645795549666,170.2898436046782,164.99441680908203,0.009988751348909732,0.012925452185298038,0.012207760426073673,63.92555462832692,2.5507720433682834,1
2023-06-01,177.6001739501953,177.62975798334406,174.4838587106697,175.24321733975688,68901800,0.01602238823819646,172.78625270298548,170.84317089262464,165.40920196533204,0.010680955534842392,0.013107765214533754,0.012285673504541603,69.62992094726648,2.828857240272953,1
2023-06-02,178.44830322265625,179.26683000310032,176.7816656255451,178.52719900186148,61996900,0.004775497982894894,174.109135219029,171.48800223214286,165.86950958251953,0.006179678673332033,0.012916755791277131,0.012173054079257655,75.1197552577289,3.0821496044227956,0
2023-06-05,177.09722900390625,182.39298156722955,175.57851175717974,180.10506441660397,121946500,-0.00757123600701437,175.1995609828404,172.14634413946243,166.2811294555664,0.008293014533894912,0.012801629635805589,0.012245789110049856,71.39601395802366,3.137695825501197,0
2023-06-06,176.73236083984375,177.62976831057978,174.97695616659206,177.4818481362361,64848400,-0.0020602703165640834,176.07584708077567,172.4224606468564,166.65945281982422,0.008871249915147521,0.008224725874597287,0.01223403731326154,69.92194582833262,3.116351434905198,0
2023-06-07,175.36155700683594,178.7046879636189,174.86846975629078,175.97298038220674,61944600,-0.00775638273881285,176.4125518798828,172.63658432733445,167.0491619873047,0.009016654669137465,0.008468172924650654,0.012139755858436883,63.72384583925943,2.9547627725754637,1
2023-06-08,178.07354736328125,178.3398036598064,175.00654388250445,175.44044804834044,50214900,0.015465136160598636,176.87323434012276,173.06097993396577,167.50551971435547,0.009925686265204363,0.008597775731358672,0.012241263571381767,64.4654062549163,3.010830569582538,1
2023-06-09,178.45819091796875,179.71062202681557,178.1327514419261,178.9907186665087,48900000,0.002160026350813471,177.39590890066964,173.4197482154483,167.90811798095703,0.009847818059206002,0.0084032141030322,0.011993830632334924,64.97935246583586,3.051130687616336,1
2023-06-12,181.2490081787109,181.3476316497168,178.46800386072707,178.76385922591572,54274900,0.01563849351148594,177.91717093331474,173.90250215076264,168.33521514892578,0.009763954533922191,0.008901650472762401,0.012093583317394812,72.5859490471484,3.2705634312334837,0
2023-06-13,180.77566528320312,181.60404834381112,179.91769818813273,180.2727216495119,54929100,-0.002611561300468357,178.24965122767858,174.4068588983445,168.70281707763672,0.00993155341271308,0.008792807449326784,0.011966052835900664,80.8075677631724,3.367452746605437,1
2023-06-14,181.4068298339844,181.84074910193183,179.50351991974284,180.8348467124019,57462900,0.0034914243009007695,178.8653084891183,174.96475365048363,169.05802825927734,0.009011777189502718,0.008691546574254532,0.011941451326282536,81.16318497418705,3.4553369578952697,1
2023-06-15,183.43832397460932,183.94128262941163,181.23915892536104,181.41667817053525,65433200,0.011198553783691834,179.82330322265625,175.619386218843,169.46450469970702,0.009047706815696825,0.008826590825686584,0.011983312636940835,82.00590307096621,3.646871562483966,0
2023-06-16,182.3634185791016,184.4048073735327,181.7224110612984,184.1483923281464,101256200,-0.005859764591266692,180.82356916155135,176.19371541341147,169.88631561279297,0.008606781591302655,0.00907276105869617,0.011880674726879743,74.98692270462946,3.669627058033086,1
2023-06-20,182.45211791992188,183.52705943809016,181.8604223164237,181.8604223164237,49799100,0.00048638779373288976,181.44907924107142,176.66144234793526,170.29217346191408,0.007554740117575311,0.008770873295803758,0.011876268251517507,72.39976156932725,3.652712056856018,0
2023-06-21,181.41668701171875,182.84663717983523,180.0656175699355,182.3436785005217,49515700,-0.005675082975236112,181.87172154017858,177.07469613211495,170.72912384033202,0.00832735780891782,0.008950447121492592,0.011637541756240261,68.42408021072332,3.5152347378223965,1
2023-06-22,184.41465759277344,184.46396933431623,181.13069423738705,181.1997336851132,51245300,0.016525329783257714,182.32395717075892,177.67579360235305,171.2502603149414,0.008565994179107325,0.00926733044554365,0.011704626512644539,68.7671663467327,3.606619280796707,0
2023-06-23,184.0990600585937,184.96689848868263,182.4521503453693,182.98469303577104,53117000,-0.001711347342447378,182.7987278529576,178.3858380998884,171.77887237548828,0.008482677799248764,0.008337529523067079,0.011676141649576513,66.03251458099552,3.611939911103576,0
2023-06-26,182.7085876464844,185.45015206010265,182.66913223239737,184.2470177435845,48088700,-0.007552849056734701,182.9846932547433,179.01652090890067,172.17213317871094,0.009286206058336011,0.008704281536157665,0.01088312350635864,65.88521913417625,3.464025911533554,1
2023-06-27,185.45997619628903,185.78541559077308,183.10301971608257,183.31997931240525,50730800,0.015058890144387549,183.27350071498327,179.7242170061384,172.627314453125,0.010070262994832584,0.00903678833688845,0.01101002560599601,71.76601494923968,3.528146782948454,1
2023-06-28,186.633544921875,187.274552399172,185.00636283468697,185.33178721386028,51216800,0.006327881355618681,183.8835187639509,180.37321326846168,173.1055746459961,0.009606394923996666,0.008758072093359598,0.011015565620216971,78.39079099176281,3.631795149967587,1
2023-06-29,186.96885681152344,187.44223149955704,186.3278492789131,186.46591313429835,46347300,0.0017966324852738413,184.52876717703683,180.95036025274368,173.56611724853516,0.009553890306595212,0.008615986090447236,0.010995420945896488,75.4518092014789,3.698361683416465,1
2023-06-30,191.28829956054688,191.79124321876165,188.61575961709715,188.9806544729764,85213200,0.023102471837744165,185.93899754115515,181.7355426606678,174.09020080566407,0.011009188352097002,0.009594700029258928,0.011354408043186827,79.9634381013474,4.0529393100188145,0
2023-07-03,189.7991943359375,191.19956064074088,189.1088599896576,191.1009371490345,31458200,-0.007784612169329463,186.70821707589286,182.31644839332216,174.60380493164064,0.011563041814200953,0.00955236883222675,0.011388530928040522,71.26076896867596,4.165765930493194,0
2023-07-05,188.684814453125,190.31199675191496,187.98462376800288,188.92150180749704,46920300,-0.005871362556155502,187.36332484654017,182.80390130905877,175.1272265625,0.012014200124213377,0.009745797991196532,0.011312331393893088,69.05917185001955,4.117793338441146,1
2023-07-06,189.1581420898437,189.36524537083605,186.5842258571581,187.2153769807983,45094300,0.0025085624303713416,188.2846897670201,183.37823050362724,175.6540090942383,0.011020760290883625,0.009458379449397607,0.011311347665732299,68.82200112934237,4.071039884481166,0
2023-07-07,188.0437774658203,190.0062704618662,187.60987325439865,188.76369580404943,46815000,-0.0058911797912145625,188.653804234096,183.91686939057848,176.18923004150392,0.010679477989490772,0.009600471560813471,0.011242302915440663,61.70443625601399,3.8991208849097347,0
2023-07-10,186.0023956298828,187.36332142042107,184.4540942539423,186.6434031135775,59922200,-0.010855886131667103,188.56364004952567,184.42357599167596,176.68382049560546,0.011471650379571175,0.00979597595169803,0.011407393788852723,58.8151626534348,3.5571468113255946,0
2023-07-11,185.47976684570312,186.68290136167764,184.0202322869829,186.5448374851478,46638100,-0.002809795983593877,188.35091291155135,184.77625310988654,177.07637084960936,0.011454882868157303,0.009424378971113397,0.010823903377946465,57.1832484994172,3.206989935433967,1
2023-07-12,187.1463623046875,189.04967210294507,185.86433228601203,187.05759515232103,60750200,0.008985322158458375,187.75920758928572,185.18997555687315,177.47723846435548,0.006772070672718495,0.0095476251008035,0.010840099088871461,63.19864969553485,3.0290513948061175,1
2023-07-13,187.9056854248047,188.5467078881079,187.1561982107916,187.86624506525828,41342300,0.0040573757927548915,187.48870631626673,185.50696018763952,177.8950650024414,0.006885721545542121,0.009061307375468232,0.010834851783762117,58.96657892962913,2.9156945375736427,1
2023-07-14,188.0536346435547,188.53685056119244,187.00829198764853,187.59998771190843,41616200,0.0007873589264504322,187.3985377720424,185.85353015718005,178.3365316772461,0.006621716356489678,0.009009566092407035,0.010766431585364193,60.245415264924624,2.8054571137438984,1
2023-07-17,191.30799865722656,191.6334380513428,189.15813040004863,189.24688249449068,50520200,0.01730550978097467,187.7056601388114,186.32501438685827,178.86455474853517,0.009474507802412241,0.009614079656412025,0.01088407715740146,70.31696236409906,2.946725126207326,0
2023-07-18,191.0515899658203,191.64330071064,189.75970372238763,190.6768538720752,48288200,-0.001340292581627267,188.1353476388114,186.68755086263022,179.42014556884766,0.009015489159672993,0.00943968050052295,0.010742590398354122,64.97634530944012,3.0033700252479036,1
2023-07-19,192.40267944335932,195.489395852648,189.9865395225249,190.4303301514657,80507300,0.007071856757542294,189.04967389787944,187.16561090378534,179.84952087402343,0.006967796366950473,0.009323737212753765,0.008720364574806504,65.3062579448938,3.1213027104509194,0
2023-07-20,190.4598846435547,193.7537038386121,189.8385898976753,192.3927782230016,59581200,-0.010097545447003808,189.76111929757255,187.54693312872024,180.2414193725586,0.00864767718646842,0.009721080412917553,0.008890217979145434,58.53420350965156,3.0231489303782553,0
2023-07-21,189.286361694336,192.2744696321092,188.5861710830146,191.41650251566853,71951700,-0.006161522944398201,190.06683349609375,187.9216795421782,180.64392181396485,0.009027706737376026,0.009741073158981758,0.00879953283141068,44.21647136822939,2.8181816146528718,1
2023-07-24,190.0851593017578,192.21530010696893,189.592071988394,190.73603816687745,45377800,0.004220048397949316,190.37818690708704,188.1917034330822,181.0271438598633,0.009035111722445224,0.009182056678270278,0.0087259667519036,50.86046278857713,2.6892004030423777,1
2023-07-25,190.943115234375,191.75178560391285,190.2527960456413,190.65713123041024,37283200,0.004513534542984532,190.7909698486328,188.51761082240515,181.4237826538086,0.009083144043581584,0.009174248993952607,0.008730806816835909,56.901684570631424,2.6259415178806194,1
2023-07-26,191.8109893798828,192.9352279959288,190.6473103947794,190.9924625294884,47471900,0.00454519737170167,190.86282566615515,188.95105852399553,181.85631896972657,0.006448392473172734,0.008935666026656656,0.008666091575267472,57.91656003912388,2.6156865793712427,0
2023-07-27,190.5486297607422,194.47359988570312,189.8878946803769,193.3099212495509,47460200,-0.006581268483217717,190.79097420828683,189.19337536039808,182.27347076416015,0.006966624584149986,0.008640366002490036,0.00872776379115426,57.40947029946983,2.4771426370820677,1
2023-07-28,193.12257385253903,193.9115165426313,191.4559363697747,191.97860770429688,48291400,0.013508069278843626,190.89381626674108,189.50237673804872,182.74210144042968,0.00838968063136421,0.008983483725016938,0.008861315160738343,70.41849719076562,2.545696141049234,1
2023-07-31,193.7340240478516,193.7734794641123,192.5604737033273,193.34941650238693,38824100,0.0031661249284065107,191.3615504673549,189.82452755882628,183.21073181152343,0.006955770382267344,0.008989440098070556,0.008860549182961126,73.55071611981425,2.619172022802843,0
2023-08-01,192.90560913085932,194.0101198390568,192.58016971551623,193.5269039281353,35175100,-0.00427604248176694,191.8785858154297,189.9015423002697,183.61624694824218,0.006593399302662911,0.007615514753337732,0.008766884825175856,67.25746422202911,2.580806101763642,0
2023-08-02,189.9175262451172,192.4815714460493,189.197622924806,192.343507589444,50389300,-0.015489870404520656,191.8546382359096,189.9071771530878,183.95983032226562,0.00944283603115084,0.008194614425850821,0.009117473044435115,55.31810708817427,2.2829708496450962,0
2023-08-03,188.52700805664065,189.710414639766,188.0536484329567,188.92148694956984,61235200,-0.007321694927101441,191.50948006766183,189.899662562779,184.29453826904296,0.00954070801329538,0.008253020744218797,0.00915169783977739,51.17418229631505,1.9126828524697999,0
2023-08-04,179.4739227294922,184.78940327661547,179.40488328381886,182.95511789971007,115956800,-0.048020097600172895,189.7470419747489,189.43850925990515,184.50025421142578,0.01936369908022679,0.013303296922645688,0.011324155096490148,27.203845575025483,0.8785907732867884,0
2023-08-07,176.37734985351562,180.59817633552169,174.8980878140883,179.61200164257014,97576100,-0.017253608930383746,187.72257341657365,188.88296508789062,184.63851623535157,0.01953447396779456,0.013677608532980425,0.011622009881177866,24.52075953592731,-0.18862781758448932,1
2023-08-08,177.31417846679688,177.77768168655695,175.1248698685598,177.20569866966517,67823000,0.005311501811651631,185.46423121861048,188.46924046107702,184.77283264160155,0.018020685332527347,0.01366563520190284,0.011609518496847592,23.419079855660257,-0.9478853675770722,0
2023-08-09,175.7264862060547,178.4285954688005,174.56279214243577,178.3694273897379,60378500,-0.008954119035886832,182.89172581263952,188.00479852585565,184.82726989746095,0.01686788697910287,0.013745231143039304,0.011529519368470846,23.715798918108987,-1.6585966726438244,0
2023-08-10,175.50949096679688,178.25105509162734,175.14461118800062,176.99860916334498,54686900,-0.0012348465159849331,180.4065660749163,187.4506617954799,184.84048431396485,0.017187649552611824,0.013497786540441044,0.01143537560424689,24.553787081540534,-2.2138305441594923,1
2023-08-11,175.56874084472656,176.3883728930982,174.34424265962002,175.10462674008653,52036700,0.00033758788543747364,178.3567395891462,186.86318824404762,184.85586975097655,0.017875832879469207,0.013425249682123205,0.01143524458945854,22.434762956137817,-2.618887512558757,1
2023-08-14,177.2178955078125,177.44501774834183,175.09474782272636,175.74650562753334,43675600,0.009393213479525153,176.74115208217077,186.34720066615515,184.84822418212892,0.019495123673000842,0.013680089436089721,0.011284931813456543,24.697465290787818,-2.774838468949497,0
2023-08-15,175.2329864501953,177.2376229940336,174.8379899652799,176.6451282666605,43622600,-0.011200387251690813,176.1353040422712,185.58172389439173,184.78391784667969,0.009502851422767246,0.012989325295804571,0.011373357382898932,20.6472403776326,-3.0237404995618533,0
2023-08-16,174.364013671875,176.30938743269644,174.29488099061055,174.91701484938284,46964900,-0.0049589566206890145,175.8476845877511,184.78707740420387,184.72925354003905,0.00741663299846545,0.012975035594558884,0.011345237333834723,20.93893003862668,-3.2536103976049446,0
2023-08-17,171.8260955810547,175.29223725703497,171.31258808782235,174.9268647491592,66062900,-0.01455528602132472,175.0636727469308,183.80724007742745,184.63112823486327,0.00809447706416444,0.012888547008949681,0.011522217902432092,11.710541187986635,-3.5990847192983892,1
2023-08-18,172.3099822998047,172.91236175457905,169.81159252872837,170.14734105941557,61172200,0.002816142199551619,174.57560076032365,182.94295901343935,184.57009674072265,0.008225148934554064,0.012955642355011851,0.011483228156585038,11.303692124181296,-3.7901396237527933,1
2023-08-21,173.64312744140625,173.92951274494206,171.56937297444222,172.88275833759562,46311900,0.007736900229506238,174.30897739955358,182.19804309663317,184.48148834228516,0.009151411010992502,0.013228092594532852,0.011317711444578226,15.830926169729963,-3.7902862797787407,1
2023-08-22,175.01576232910156,175.46013721394584,174.04801023595033,174.8478880423005,42038900,0.007904919174866132,174.22998046875,181.48045276460192,184.4126397705078,0.0098254382950114,0.01336649640824929,0.011373672390268213,21.95918901753423,-3.637709095825926,1
2023-08-23,178.8571319580078,179.28176749229362,176.1019960768648,176.28962468028294,52722800,0.02194870666381976,174.4641571044922,180.90492975144159,184.36480224609375,0.01265240858092607,0.014411835475401414,0.011587427428283408,33.340676430707845,-3.170279148305383,0
2023-08-24,174.17636108398438,178.83739189345877,173.81097351698816,178.41275636104422,54945800,-0.026170445778602724,174.3132106236049,180.065185546875,184.23281616210937,0.015965504195053513,0.0151468036254085,0.012152716726592525,39.25448275392471,-3.14132539420649,1
2023-08-25,176.37852478027344,176.91177162464882,173.62338845938783,175.16389608553052,51449600,0.012643298336145747,174.6009979248047,179.39041864304315,184.13225006103517,0.01656767545847055,0.015587437955409483,0.012284881349421703,50.002472937393584,-2.9071710709868057,1
2023-08-28,177.9387664794922,178.33376298082638,176.31925671498092,177.8400098200833,43820700,0.008845984516326233,175.47423662458147,178.6673801967076,184.0222589111328,0.015014937968233555,0.015363852632763735,0.012243646408799205,51.28099046822669,-2.5661229491990696,1
2023-08-29,181.8196563720703,182.5899100858624,177.2573820568172,177.45488030453177,53003900,0.02181025511956336,176.83276149204798,178.10002935500373,184.01138366699217,0.016202000406797184,0.016295601032347836,0.01261765193757859,61.42228014251749,-1.9600897803084365,1
2023-08-30,185.30555725097656,185.50307057198083,182.4319252754348,182.62942352828824,60813900,0.019172299345747268,178.49882289341517,177.73812212262834,184.06845245361328,0.016759485359300424,0.016984650460725458,0.012905228579479355,66.35883615911919,-1.1848627000362626,1
2023-08-31,185.5228271484375,186.75721017905872,185.13770024560972,185.4932031611548,60794500,0.001172495313600752,179.9998321533203,177.52885073707216,184.15057525634765,0.017053574803348397,0.016698620425008845,0.012875823093221718,66.53545123323075,-0.5466562755237305,1
2023-09-01,187.09295654296875,187.5472010181368,185.9276912341992,187.12258052751665,45766500,0.008463267936699603,181.17637852260046,177.46056256975447,184.20414123535156,0.01600938419731716,0.01675405307573738,0.012720972656172563,66.44735905792608,0.08484519139909708,1
2023-09-05,187.3299560546875,187.6064566338381,185.26607135025952,185.92769881238064,45280000,0.001266747375731958,183.05546351841517,177.83465939476378,184.26875915527344,0.008029751568329191,0.012681590222749494,0.012718007970737456,71.39368314701706,0.5975503451492443,0
2023-09-06,180.6247711181641,186.4905606318001,179.2027597126584,186.0461707664675,81755800,-0.0357934474428957,183.66207013811385,178.03691755022322,184.22708282470703,0.01909822129222593,0.014598178890662759,0.013671050386551685,59.177707144566746,0.45754617898981564,0
2023-09-07,175.3416290283203,175.98351721110967,171.3718491931888,172.99135904079122,112488800,-0.02924926662682148,183.29105050223214,177.94298662458147,184.02471588134765,0.022471571321827945,0.01599687365172161,0.014095402697776704,54.76957626676537,-0.07880512849001775,1
2023-09-08,175.95387268066406,177.98814840122637,175.56874581023814,176.12176201867752,65551300,0.003491718742072658,182.45308140345983,177.95381455194382,183.81112243652345,0.0202053218614602,0.015894713954903716,0.014070902512359193,54.92656142079451,-0.4492853757190005,1
2023-09-11,177.11912536621094,178.0473836718388,175.1243584797436,177.82026144859472,58953100,0.006622489563851142,181.2835911342076,178.03046380905877,183.6141278076172,0.018213767334398778,0.015952048537364198,0.014107538799762136,54.72100238119416,-0.6414729862312072,0
2023-09-12,174.09738159179688,177.8795329175836,172.63587633671216,177.2475294233725,90370200,-0.017060516577000473,179.65138462611608,177.9603990827288,183.2703094482422,0.01827243898900879,0.01640925629914369,0.013849191362166025,48.80615980047058,-1.025787876913597,0
2023-09-13,172.03346252441406,175.08485308011382,171.80632524830068,174.30471474035696,84267900,-0.011854969032343288,177.5000283377511,177.7135213216146,182.9149948120117,0.016592182291076316,0.01643859470548912,0.013897048753647575,40.6998624099717,-1.4798425131435522,1
2023-09-14,173.54437255859375,173.89987544974738,171.41135521167203,171.82610607332606,60895800,0.00878265200274786,175.53065926688058,177.63311113630022,182.6121859741211,0.01777915473023933,0.01641417829816713,0.013965250256486286,49.05718359720721,-1.69819058708552,0
2023-09-15,172.823486328125,174.29487626046748,171.64836639188815,174.27512191376346,109259500,-0.004153901505652979,174.41619001116072,177.55975269135973,182.28549285888673,0.01395355480474629,0.016403767538670858,0.013957276034472832,44.45127170413642,-1.9074150099881706,1
2023-09-18,175.7465057373047,177.13889330258442,173.96899129951683,174.27511585610648,67257600,0.016913322785480744,174.47402954101562,177.74643888927642,182.0395474243164,0.012021010831600055,0.016472980158050456,0.01418847614449937,46.71792603774412,-1.8164250179689532,1
2023-09-19,176.832763671875,177.38576479928514,174.91699900323945,175.30212586469654,51826900,0.0061808223726165235,174.5995853969029,177.96180943080358,181.85615478515626,0.012178531921640338,0.016505763032606494,0.014157666885710248,41.852243904409136,-1.6377835078688463,0
2023-09-20,173.29750061035156,177.45489404541186,173.20861358406935,177.0203888259045,58436200,-0.01999212695721564,174.0536390032087,177.94535101027716,181.61250946044922,0.014058368847244011,0.01707005828117488,0.014410956245898339,30.412420401189948,-1.7611732982211379,0
2023-09-21,171.7569580078125,174.0973581099587,171.6878404044714,172.36922214048295,63149100,-0.008889583503012388,173.71929277692522,177.79016985212053,181.30472137451173,0.012998134297280577,0.017076817517554337,0.014373404424534802,28.474345111011644,-1.960668147295479,1
2023-09-22,172.60621643066406,174.86761425499944,171.87547142547365,172.48772049861157,56725400,0.004944535771371328,173.80111476353235,177.4925072079613,180.9987319946289,0.01238119415735864,0.01633343114819078,0.014381091827201537,26.824644596038766,-2.0268766232682083,1
2023-09-25,173.88011169433594,174.75899170155245,171.97421669351675,172.02359502231215,46172700,0.007380355644279968,173.84907749720983,177.47840009416853,180.71526153564454,0.012236110075772064,0.015421696138017,0.014433508283247149,29.174339411517593,-1.9540297771616508,0
2023-09-26,169.81161499023438,173.01112622988728,169.5153600429677,172.63588402695854,64588900,-0.023398286695683668,173.41881016322546,177.16569010416666,180.2853338623047,0.015213796644399986,0.015944802674766823,0.014501063761593968,31.768305891711606,-2.1992403353579277,0
2023-09-27,168.30068969726562,170.87808171574733,166.93794126401278,170.46333088230946,66921800,-0.00889765575255641,172.35512215750558,176.7067340669178,179.8303158569336,0.012664588506231998,0.015828661544705358,0.014530458404399373,36.39832264598881,-2.4868239546333655,1
2023-09-28,168.55746459960938,169.8807195182162,165.5258128129139,167.2243249736919,56294400,0.0015256913254819704,171.17293657575334,176.07520112537202,179.3534115600586,0.01201821502943568,0.01485836001283328,0.014477530611655498,35.51266119010346,-2.6633154139398982,1
2023-09-29,169.07095336914062,170.90771561508154,168.21181267677895,169.870831028669,51861100,0.00304637217195336,170.56914411272322,175.30212475004652,178.9256329345703,0.010892831056907528,0.014021502159865154,0.014456799811750529,33.82301793669984,-2.730278958403318,1
2023-10-02,171.57923889160156,172.12237043121976,168.79446358018748,169.08084887750982,52164500,0.014835697513247537,170.54375566755022,174.63814435686385,178.5714904785156,0.01249817914604813,0.014591685236486452,0.014645367227268781,44.83180642659981,-2.551537830952924,0
2023-10-03,170.24606323242188,171.46070671019788,168.68581669291316,170.1078129668395,49594600,-0.007770028983646093,170.2065909249442,173.8359113420759,178.1747085571289,0.012569879460781237,0.014347994134119404,0.014642007873166102,46.21813361331135,-2.4887713269197604,1
2023-10-04,171.49034118652344,172.03347264460572,168.83394692911625,168.95244285882518,53020300,0.007308703240925141,169.86519513811385,173.08164396740142,177.78565307617188,0.012561091727818057,0.014526444552667236,0.014673060960267003,45.6043844806001,-2.3119745843794703,1
2023-10-05,172.7247314453125,173.2579782200924,170.52258153582127,171.61871413723316,48527900,0.007198016227902171,170.28135463169642,172.70545160202752,177.40392791748047,0.008504735048624607,0.012757767353788226,0.014702125829454332,49.793209923878756,-2.04864145109687,1
2023-10-06,175.27249145507812,175.76624458491796,171.016326818613,171.6285909459562,57266700,0.014750406548307726,171.27732631138392,172.70215933663505,177.0984051513672,0.007915908971496344,0.01163060222964762,0.014874580490138106,48.99157879838653,-1.6157398621209893,1
2023-10-09,176.75375366210938,176.81300162773064,173.60360623261292,174.60098214625398,42390800,0.008451196161668673,172.44822474888392,172.74024890718005,176.7710287475586,0.007716795241751444,0.011753770311599958,0.014786967913771851,49.83469185258779,-1.1399955937057769,0
2023-10-10,176.1612548828125,177.47464011941017,175.72674968355904,175.8748846750232,43698000,-0.0033521142664360015,173.46112496512276,172.69463602701822,176.41957336425781,0.00857149799971463,0.011686082948029535,0.01477226398894766,56.83309437278864,-0.8015349373847585,1
2023-10-11,177.5536346435547,177.60301297187604,175.3811238107674,175.9736185461729,47551100,0.0079040068241365,174.31461007254464,172.85921950567337,176.1125338745117,0.00772841237806767,0.011141494118921626,0.014830773627808038,63.92971834094921,-0.41615187887020966,1
2023-10-12,178.4522705078125,180.06189553412176,176.80312172309905,177.82026707710477,56743100,0.005061207933376721,175.48692539760046,173.16487702869233,175.88322875976561,0.005379733194663458,0.010771291616080004,0.0147208786907764,64.01511521141907,-0.037785061758540905,0
2023-10-13,176.6155242919922,179.65703072033497,175.91438812346496,179.15340788479125,51427100,-0.010292646939114691,176.2190944126674,173.31112234933036,175.64499908447266,0.008365502615856238,0.010955855398115333,0.014752313415187578,56.38545239014563,0.11256571006421723,0
2023-10-16,176.48712158203125,176.84262444155877,174.3047260977915,174.5417330268598,52517000,-0.0007270182532123082,176.75657871791296,173.48558117094495,175.58526306152345,0.008435338761835455,0.010902314102252961,0.01311406632205204,69.09578665809984,0.21883614747758884,0
2023-10-17,174.93673706054688,176.19087429527403,172.61610626933813,174.44298390478113,57549400,-0.008784689259968226,176.7086138044085,173.44702075776598,175.55645080566407,0.0076806455367398494,0.010466991980550334,0.012943562658892491,68.94015277547928,0.1759252047345683,0
2023-10-18,173.64312744140625,175.36139405816417,172.92225196490105,173.38638119353993,54764400,-0.007394728179324073,176.26423863002233,173.29513331821985,175.48302978515625,0.006993625188160161,0.010474527530805603,0.01296024331061718,63.70407223446597,0.03710674487928145,0
2023-10-19,173.2678680419922,175.6181228712257,173.00123711265553,173.84060845589931,59302900,-0.0021610956042051876,175.85089765276228,173.29372224353608,175.433857421875,0.006984269581953553,0.009521518147890996,0.01290353297834385,61.39408988211082,-0.10201224834952427,0
2023-10-20,170.72010803222656,173.2283676109075,170.48310107616433,173.11974130623128,64244000,-0.014704168975797405,174.8746795654297,173.24434843517486,175.3380697631836,0.006677049695232678,0.009872114634757618,0.01306517237269203,47.672557475065474,-0.41308619256022894,1
2023-10-23,170.8385772705078,171.83595313524123,167.80692592091492,168.77469287243957,55980100,0.0006939383980408831,173.7870091029576,173.1601751418341,175.24346649169922,0.005641677977251796,0.00980380218097756,0.013065718551561484,51.71824514297396,-0.6426470222349963,1
2023-10-24,171.27310180664062,171.50022404547477,169.30795876796012,170.88797493724758,43816600,0.0025434801850683364,173.02380589076452,173.03603181384858,175.12457061767577,0.006151196655158033,0.009666643334262382,0.012996002109996234,49.338977967170365,-0.7805158343714425,0
2023-10-25,168.9623565673828,170.89786073622298,168.5179666183954,169.73261037900426,57157000,-0.01349158282814622,171.94883946010046,172.99559093656995,174.99915802001954,0.00675625862290237,0.008695150350455741,0.013038116925378365,39.2555382318619,-1.0639708961926715,0
2023-10-26,164.80494689941406,169.23885617849143,163.6001878537521,168.24146504420852,70625300,-0.024605537898678365,170.5014408656529,172.8291269938151,174.80797668457032,0.009752483390640193,0.010050520282813028,0.013460008681996911,22.623976094301085,-1.6055712640536512,1
2023-10-27,166.11830139160156,166.8490614359056,164.745668316651,164.82467062426355,58499100,0.007969144839985232,169.4264657156808,172.71297636486236,174.69382080078125,0.011585091389478388,0.01022671341261428,0.013375022100978465,21.93838728612735,-1.9068359088522016,1
2023-10-30,168.1624298095703,169.0314401165317,166.7601727667049,166.90830774256386,51131000,0.012305257162183336,168.6971173967634,172.66971333821616,174.61086975097658,0.01355846640257658,0.010587004454966693,0.01349111655997254,30.39677559528306,-1.958074763499127,1
2023-10-31,168.63648986816406,168.76485546731004,165.80233595599515,167.23423244098677,44846000,0.0028190604710611744,168.39945765904017,172.52958243233817,174.51073699951172,0.012893810523121751,0.010044371636248599,0.01344846259774138,27.116151213514286,-1.9380881661580531,1
2023-11-01,171.79647827148438,172.05322449399938,167.99457285522465,168.86358325166134,56934900,0.01873846168045068,168.5363006591797,172.60341171991257,174.44635131835938,0.015068163388792523,0.010761462413143505,0.013671982838958567,34.69569915863782,-1.6482638293307161,1
2023-11-02,175.35150146484375,175.5588693503195,173.26786256268767,173.32711052996643,77334800,0.020693225083121325,169.11892918178015,172.78727649507067,174.3762387084961,0.016854384190645,0.011552929713390933,0.013631419414573851,47.30636238122521,-1.1188182528096036,0
2023-11-03,174.4429931640625,174.61088250590672,171.18423421755685,172.06311427874405,79829200,-0.0051810694131033674,169.9018772670201,172.86909848167784,174.38157135009766,0.01571290972994356,0.011543349332556867,0.013132662212235987,45.78412441056291,-0.7637339960213865,1
2023-11-06,176.9907684326172,177.1882666996337,174.0085099439187,174.1763842242903,63841300,0.014605202664451644,171.64270891462053,172.95092119489397,174.39381622314454,0.009154599904833749,0.011534448595972911,0.013173723402573764,54.068901061499766,-0.2735892264476547,1
2023-11-07,179.54840087890625,180.1606499568927,176.73400192517136,176.9413698079054,70530000,0.01445065451118599,173.56129455566406,173.08399963378906,174.4260089111328,0.0092097134172901,0.011811474313536054,0.013272657634319906,61.14007534795464,0.3175728163861038,1
2023-11-08,180.6050262451172,181.15802736111343,179.32126504404005,180.07177947416378,49340300,0.005884905468601653,175.33880833217077,173.2956077938988,174.40171630859376,0.009399550931648347,0.011820570025607352,0.012931832966683375,63.494366496002044,0.8614041006244406,0
2023-11-09,180.1310272216797,181.8196545511001,179.5385174163197,180.674158698568,53763500,-0.002624506268137816,176.9808850969587,173.41834077380952,174.2982257080078,0.010302226759908646,0.011747449018994499,0.012634535761178158,68.73771081496892,1.2398542832648616,1
2023-11-10,184.31365966796875,184.48177017271385,181.47578777634308,181.91086536697577,66133400,0.023219944452665953,178.76905386788505,173.69745454334077,174.27404235839845,0.011081126852107718,0.012709404058133636,0.01307085052355295,73.09242954754055,1.8558887322367923,0
2023-11-13,182.7315826416016,183.9478113332898,182.14818998578377,183.7401702602705,43627500,-0.008583612463759827,179.82335117885046,173.9886954171317,174.1868148803711,0.0119308809726067,0.012634581263616615,0.01306667469901443,68.89344445836616,2.1911815008978976,1
2023-11-14,185.342041015625,186.0045400899508,184.214801307548,185.5991254795717,60108400,0.014285753651810618,181.38035801478796,174.41035824730284,174.14705657958984,0.011141865359987364,0.012912166307470368,0.013229018443387926,76.74350121801561,2.6371462298177732,1
2023-11-15,185.90565490722656,187.3789832148446,185.6782334530312,185.7474572062222,53790500,0.003040939273750931,182.65391322544642,174.9326876685733,174.2526742553711,0.010984943037541448,0.01265468659284023,0.012191605950467968,89.03219432887562,3.001456499044366,1
2023-11-16,187.586654663086,188.82266388785249,186.5385061665612,187.4482222334322,54412900,0.009042219596269385,183.80223519461495,175.59666515531995,174.4975747680664,0.010563578486797258,0.012488377554054304,0.011455592683863527,89.17937047903575,3.386776986808485,0
2023-11-17,187.5668487548828,188.24912816814668,186.4593894684262,188.12057839811112,50922700,-0.00010558271449934153,184.7967812674386,176.2775689987909,174.72983428955078,0.010843978940029558,0.012447645226038476,0.01145358244889047,88.23802152679295,3.6484905502221636,1
2023-11-20,189.30715942382807,189.7620174322178,187.75473976876387,187.76462241033667,46505100,0.009278348921986312,186.10765729631697,177.1626666841053,174.97359497070312,0.010282222034500492,0.011739601422573853,0.011484680401794088,88.79710260315493,3.9507867509867083,0
2023-11-21,188.50619506835932,189.3763501912699,187.61627466574612,189.26758080090607,38134500,-0.004231030447588768,186.7065909249442,178.0039818173363,175.26177124023437,0.008154573605704632,0.011878277560570251,0.011203780744063151,84.40985092148134,4.078710700425944,1
2023-11-22,189.16873168945312,190.77059476808083,188.69410838615653,189.34672485819107,39617700,0.003514667625929002,187.62618364606584,178.8561546688988,175.60447662353516,0.006300630915438151,0.011871086449351663,0.01103517737491856,82.301452542663,4.185306907504867,0
2023-11-24,187.84371948242188,188.76330300712377,187.1317770364584,188.73363999587545,24048300,-0.007004393354005489,187.9835662841797,179.75526718866257,175.89046356201172,0.006194788727779982,0.011447865872765767,0.01106181719962785,80.72934744880241,4.115427669669543,0
2023-11-27,187.665756225586,188.53591159550703,186.78571821300807,187.79430602014355,40552600,-0.0009474006228488152,188.2350093296596,180.84387715657553,176.18730895996094,0.006259046323784266,0.00934784354220637,0.011036779973730901,77.46382887848338,3.9995830193140023,1
2023-11-28,188.2689208984375,188.94131776896225,187.28011350908017,187.65586514519703,38415400,0.0032140369398372393,188.33247593470983,181.89866856166296,176.43775726318358,0.0053954775110841595,0.009361603309523344,0.010819534085621658,74.94404581085573,3.9113579478462555,0
2023-11-29,187.25045776367188,189.9400151741752,186.854940827776,188.7633319210795,43014200,-0.005409619016805478,188.2872772216797,182.80762227376303,176.64611114501952,0.005852866897826708,0.009562876418414834,0.010839922036399913,69.05008315260807,3.716416938676872,1
2023-11-30,187.82394409179688,188.18981305356235,186.08364867108205,187.71517468500207,48794400,0.0030626698325555424,188.0753893171038,183.7213105701265,176.93664001464845,0.00448132696223308,0.009560021403663198,0.010401412442432423,71.9277765551293,3.567081246116203,1
2023-12-01,189.09950256347656,189.4159130354433,187.11199034893104,188.1996843513192,45704800,0.006791245268794155,188.16014753069197,184.5452641078404,177.2834909057617,0.005097787796890368,0.009055478605846054,0.010312727465782236,66.35133007535345,3.511183801011896,0
2023-12-04,187.3097686767578,187.9228394923183,185.3519343524908,187.8536157357217,43389500,-0.009464508697572982,187.8945813860212,185.11470540364584,177.5775619506836,0.006069437396518676,0.008765507598458313,0.010428805303522384,65.42300218980347,3.2846052214225665,1
2023-12-05,191.2550811767578,192.22410797955845,188.0513405114985,188.08101860758427,66628400,0.021063036529656243,188.38191877092635,185.91528102329798,177.92506134033204,0.00984318771176498,0.009363848264659271,0.01075557578919036,68.27615545039433,3.384380776201027,0
2023-12-06,190.1674346923828,192.580111925794,189.95977851245675,192.2735840647624,41089700,-0.005686889350509872,188.73930140904017,186.54274132138207,178.332177734375,0.010282329580178108,0.009308448073654656,0.010179489886159354,62.75908759504219,3.337220243143406,1
2023-12-07,192.0955810546875,192.817406093886,191.42318430562543,191.4627450433353,47477700,0.010139203725515245,189.28596714564733,187.14022609165735,178.80807556152342,0.010748102857231484,0.009099258089731223,0.010107208989834686,63.30215510605356,3.4160523530611044,1
2023-12-08,193.5194702148437,193.79633503305183,191.50229501018384,192.0263616366492,53406400,0.007412399350044563,190.1815403529576,187.7551996140253,179.30731567382813,0.01016727664121112,0.009127344395858801,0.010127536501863096,66.2177431491217,3.55247263026763,0
2023-12-11,191.0177764892578,191.3243194093573,189.2774811684409,190.9485678278168,60943700,-0.012927348978418185,190.63780212402344,188.27361624581474,179.74625213623048,0.01220425926637693,0.009721199384551614,0.010369185420295234,54.47487560143621,3.4193052838126903,1
2023-12-12,192.5306701660156,192.54055280703432,189.57413099725628,190.9189094878757,52696900,0.007920172167027895,191.12796892438615,188.66490246000745,180.16528076171875,0.012278034822386047,0.008629736158826123,0.010246637001560293,60.14974401285648,3.396692125803753,1
2023-12-13,195.74429321289065,195.7838388648497,192.66910200901864,192.9064060967763,70404200,0.016691486318018978,192.33290100097656,189.28455534435454,180.67524536132814,0.011957362571779605,0.008823451143451485,0.010336756084681565,64.69295015520261,3.5966239159941438,1
2023-12-14,195.89260864257807,197.38570218691584,193.96443748585023,195.80361960949875,66831600,0.0007576998912868227,192.99540492466517,189.7869633265904,181.16329071044922,0.010121847095654024,0.0084694050899887,0.010320560024537679,68.98332752728615,3.7241098951099048,0
2023-12-15,195.35867309570312,196.1793699091571,194.7950456705572,195.3191123528845,128538400,-0.002725654380605791,193.7370104108538,190.2371070498512,181.61596954345703,0.009729520300920015,0.008550009109798818,0.010328034424976082,67.84414076740401,3.738958924636677,0
2023-12-18,193.6974639892578,194.4291868327445,192.21425301938103,193.8952224343076,55751900,-0.008503380372733793,193.96585083007812,190.5280979701451,181.98446899414063,0.010271947910799259,0.008723912072928955,0.010289453290204652,62.00266527217839,3.5754654558071763,1
2023-12-19,194.73573303222656,194.74561567460933,193.6974822378966,193.964464462268,40714100,0.005360261417910683,194.1396026611328,190.86947341192337,182.34410858154297,0.0100939081058492,0.008753104623691067,0.01025946946168479,66.53567699010954,3.4894511180629593,0
2023-12-20,192.6493530273437,195.46744514462725,192.6493530273437,194.6961765577493,52242800,-0.010713904286572817,194.37268502371649,191.02862548828122,182.67387054443358,0.009610206161371513,0.008985926719864463,0.010389714267168598,59.99189875081514,3.2158602705170267,0
2023-12-21,192.5009765625,194.8741228719849,191.3341913202036,193.9050960501454,46482500,-0.0007701892713993796,194.3684430803571,191.2188531784784,182.9728173828125,0.009156313922601488,0.00891914470585676,0.010358832127773127,57.38826899889376,2.9530241874035426,0
2023-12-22,191.43310546875,193.2228443252002,190.8101520215648,192.9954077755279,37149600,-0.005547354163178975,193.75255911690846,191.32668050130206,183.23243408203126,0.005555112505981086,0.009012003935390445,0.010396537388321483,59.246160763105095,2.628259485891249,0
2023-12-26,190.8892517089844,191.719846217368,190.6717128965979,191.4429813812401,28919300,-0.00284095981431165,193.0377938406808,191.4717058454241,183.5179086303711,0.005292067297445242,0.008881069836078928,0.010277379023566997,49.03199757747054,2.3004781863673713,1
2023-12-27,190.98814392089844,191.33423254727063,188.9512030840881,190.3355425015734,48087700,0.000518060660978481,192.41343252999442,191.62991478329613,183.80792907714843,0.005526123658625425,0.008872376727890248,0.010273115345324383,52.29154311267446,2.025342037703723,1
2023-12-28,191.413314819336,192.4812284908812,191.00790021395272,191.967044481322,34049900,0.002226163832523831,192.08712550571985,191.77964782714844,184.1374606323242,0.005297771489952396,0.008861958602765868,0.010162682960094134,47.920474533452165,1.820615473951392,0
2023-12-29,190.3750915527344,192.22415660179112,189.58404259835584,191.72975289130505,42672100,-0.0054239866624822275,191.46417672293526,191.9284399123419,184.47209991455077,0.004400980136521808,0.00886246465011153,0.01012985594925865,40.18529208365024,1.5566481850837306,0
2024-01-02,183.56219482421875,186.33085840634024,181.8317819713932,185.0552884826901,82488700,-0.035786702309364204,190.16601126534601,191.72549947102866,184.6779864501953,0.013106929579411022,0.01190473418566348,0.011436347505030817,31.663515571464018,0.7886176848632829,0
2024-01-03,182.1877593994141,183.79952025374087,181.3769301071996,182.15809638511385,58414500,-0.0074875734958433915,188.6926945277623,191.39636884416853,184.90733947753907,0.012834651403022064,0.01184363780423531,0.011275695514093947,24.387897529372452,0.06825571849688572,0
2024-01-04,179.87393188476562,181.04071720671112,178.85546161628733,180.11123597031312,71983600,-0.012700235857096231,187.04138401576455,191.04228137788317,185.08804656982423,0.012913332941438645,0.011970017605122889,0.011449693425011053,8.867292363034409,-0.6814871135113947,0
2024-01-05,179.15211486816406,180.71443234786256,178.1534248404595,179.95306152436652,62379700,-0.0040129050887929285,185.3646501813616,190.46594964890252,185.2456268310547,0.012830757290303137,0.010758565795962908,0.011470299239304333,7.864685229010746,-1.318707075941802,1
2024-01-08,183.4830780029297,183.5226387437428,179.46852282651062,180.0519155054874,59144500,0.02417478095613168,184.29249790736608,190.14764694940476,185.53604125976562,0.017867775552830343,0.012261432010758277,0.011735328849548152,24.905963339728245,-1.4574355477114693,0
2024-01-09,183.0677795410156,183.07766218215252,180.68475037086023,181.8614334502317,42841800,-0.0022634156045030496,183.10027858189173,189.7177516392299,185.90129791259767,0.01762002663295075,0.011961196820149893,0.011121888334305326,26.290252424488116,-1.5826462157439778,1
2024-01-10,184.1060333251953,184.31367440860305,181.8614365329183,182.2866315170422,46792900,0.005671417366741371,182.20469883510046,189.26949273972284,186.26105255126953,0.018192721352596097,0.01189694889275716,0.011102145099992373,26.29020225012809,-1.5798862239745404,0
2024-01-11,183.51272583007807,184.9563909902637,181.5647744262664,184.45208965863696,49128400,-0.0032226401514461323,182.1976318359375,188.912109375,186.56805847167968,0.012010779830743631,0.011649572928786794,0.011028319610389022,28.166263376754586,-1.6070488086776322,1
2024-01-12,183.8390350341797,184.64986419021457,183.1172099941003,183.9774674403319,40477800,0.0017781284792410812,182.43352835518974,188.4982219877697,186.872109375,0.01154674678791794,0.011467915539386987,0.011027354929870475,29.47516167311356,-1.5839857256115408,0
2024-01-16,181.5746612548828,182.1975994977324,178.90486988724322,180.1211135415678,65603000,-0.012317154400184216,182.6764896937779,187.82347760881697,187.06767303466796,0.011469727602363517,0.0108154261994817,0.010927251549163498,27.893508301187453,-1.7284990449126667,0
2024-01-17,180.6352996826172,180.88250149305736,178.2819487070673,179.24109293861534,47317400,-0.005173417732262764,182.88837323869978,187.09693908691406,187.17334899902343,0.01156898519786711,0.010775620393324067,0.010591049013583228,27.407365569382463,-1.8969585624385559,1
2024-01-18,186.51870727539065,187.0229935165519,183.75004409317063,184.00712853391943,78005800,0.03257064152527667,183.32203456333704,186.67598833356584,187.41486328125,0.01442602306320901,0.013387478919264409,0.011475658684977892,42.152728028715615,-1.5379930936984465,1
2024-01-19,189.41590881347656,189.8015430260912,186.7065866846462,187.21087293560348,68903000,0.015533034623750996,184.2289101736886,186.47210475376673,187.66336608886718,0.015016140033939309,0.013834259458208192,0.01149816935978117,46.773139123155175,-1.0081095628017636,1
2024-01-22,191.71983337402344,193.1437182004388,190.1080727596782,190.14763349819023,60133900,0.012163310753457557,185.31659589494978,186.32849048432848,187.90679473876952,0.01526458359790853,0.014067657948629445,0.011449725804482096,52.08711167275379,-0.3976813663826704,1
2024-01-23,192.99539184570312,193.55901922054,191.660511110776,192.83719415255703,42355600,0.006653242125405079,186.67126246861048,186.344968523298,188.15460205078125,0.014727336099661417,0.013956415932084394,0.011456413268221938,67.67970431921799,0.1868602766025731,0
2024-01-24,192.3230133056641,194.18197579456825,192.1648005219272,193.23271418014863,53631300,-0.003483909815715114,187.88325936453683,186.3364940824963,188.39844177246093,0.015184282926883577,0.01397818273479675,0.01146320514557902,69.50889411300287,0.5890680019400065,0
2024-01-25,191.9967193603516,194.07322080915367,190.94858599423333,193.03497008475264,54822100,-0.001696593349407971,189.37212480817522,186.36333283923923,188.55210296630858,0.013410239718285767,0.013926259062218697,0.011027483336374029,75.26796840164178,0.8714458423710312,0
2024-01-26,190.26629638671875,192.5801018175765,189.7916731135176,192.09559590318423,44594000,-0.009012773652580353,190.74798148018974,186.3336683000837,188.70279724121093,0.01410329818060155,0.014058853081135218,0.011035161335827975,72.23098179900327,0.9447115958961945,0
2024-01-29,189.58401489257807,190.04875551955823,187.4580852833725,189.86087972294905,47145600,-0.003585929337447835,191.18588256835938,186.26680501302084,188.78763671875,0.00915939040947143,0.014078903142761789,0.010880032601131873,64.28899703878287,0.9369205816508668,0
2024-01-30,185.93533325195312,189.65325866018404,185.3717208906436,188.80288370915284,55859400,-0.01924572408012537,190.68865748814173,186.00594874790735,188.78823028564454,0.01020090777885942,0.014657357231387353,0.011225297328849396,55.83268673300271,0.629076430136422,0
2024-01-31,182.3360595703125,185.0058513431809,182.2866312758536,184.94651023142663,55467800,-0.019357663864583485,189.3481183733259,185.62313770112536,188.68321838378907,0.009532407793510667,0.015161071860088865,0.011477458312179646,46.73951234210821,0.09359748292001768,1
2024-02-01,184.76852416992188,184.857513201702,181.7625567551165,181.9306521778128,64885400,0.013340557020600663,188.1728515625,185.68058195568267,188.62725189208984,0.011310268025650516,0.013361176325210333,0.0116432893629353,52.16651924858909,-0.13296118268434043,0
2024-02-02,183.7698516845703,185.23328233515724,177.2437171517322,177.84689023760967,102551700,-0.005404992489051574,186.95097133091517,185.75591968354723,188.5165057373047,0.011258012881383792,0.013307353395679422,0.011583486167360624,49.88335021076204,-0.3886153647364665,1
2024-02-05,185.579345703125,187.1317803970082,183.75994390321247,186.0440863383638,69668800,0.00984652271287989,186.0342036655971,186.02760605585007,188.45796875,0.012804867400989739,0.013097356560798763,0.011662455625051667,56.857473271763936,-0.4401384589982058,1
2024-02-06,187.1812286376953,187.19111127921155,184.67954732588265,184.7685363635356,43490800,0.00863179535686509,185.5934797014509,186.40994480678015,188.41821868896486,0.013546648985627886,0.013118536528674448,0.01171845098652053,60.96032154814024,-0.34770419950535825,1
2024-02-07,187.29000854492188,188.91165203661865,186.49895962721544,188.50623739169367,53439000,0.0005811475222075035,185.26576450892858,186.59122721354166,188.40714447021483,0.013569884037949728,0.012111548482737646,0.011676849425643173,51.60105309435147,-0.26264415517232464,0
2024-02-08,186.21221923828125,187.41855040104747,185.25307484073457,187.27023532431497,40962000,-0.00575465458629687,185.3053196498326,186.740962437221,188.37807373046874,0.011447800853564645,0.012183024150047734,0.011704632560329461,42.80648426113288,-0.2789860690574244,1
2024-02-09,186.9745330810547,188.10321111496148,186.13296840440984,186.7765071990768,45155200,0.004093790653973972,185.96795872279577,186.87755766369048,188.35218597412108,0.007496339570387283,0.012156847781514797,0.0117103581063633,38.55245973328779,-0.22779887374264263,0
2024-02-12,185.2914276123047,186.79633688725167,184.9350021289556,186.54881961012745,41781900,-0.009001789928366088,186.04265921456474,186.96225774855841,188.31300537109374,0.007423411820490654,0.012316974571762484,0.0117547154927911,31.773387811212345,-0.31936377094621093,0
2024-02-13,183.202377319336,184.3607714461939,181.68757282391297,183.9251386304961,56529500,-0.01127440335415697,185.96159144810267,186.93194071451822,188.22057403564452,0.00845218180835969,0.012577489505391249,0.011849416490012405,29.777314648785122,-0.554111063967099,0
2024-02-14,182.3212280273437,183.68752828939827,180.62821823999963,183.4796222278504,54630500,-0.004809704463913045,185.49614606584822,186.96749151320685,188.08500854492186,0.0072120176026152965,0.012316567713162875,0.011818683984053995,29.06223810998692,-0.802006338897769,0
2024-02-15,182.0340881347656,182.65783644316613,179.5490203671251,181.72716915991907,65434500,-0.0015749120148259577,184.7608402797154,187.03410048711868,187.97949493408203,0.00538573848377329,0.012261999814016855,0.011751229180735548,30.998572883662504,-1.0099923566827727,0
2024-02-16,180.49948120117188,183.0142649801448,179.86583763061847,181.5984584212064,49752500,-0.00843032724979298,183.79076494489397,186.74747067406065,187.7643829345703,0.005192062470389918,0.009932956994335617,0.011380967020293602,29.82506316485764,-1.283853267237646,0
2024-02-20,179.75694274902344,180.6182980286837,178.2124373755958,179.98465441119404,53665600,-0.0041137982625050196,182.86858258928572,186.28751990908668,187.55617309570312,0.00520252602852393,0.00914072459427366,0.011370178933905808,34.24544005005265,-1.5430196888723628,1
2024-02-21,180.5093994140625,181.0737309260645,178.86588113831095,180.13316833455778,41371400,0.0041859671928756725,181.9449920654297,185.75368972051712,187.3244494628906,0.005229473214533685,0.008655991482682477,0.011281312714218127,44.55100602834103,-1.6684610010460972,1
2024-02-22,182.53903198242188,183.1231842228548,180.64801151557128,181.6578711029192,52292200,0.011243916244514818,181.55179268973214,185.25576782226562,187.10484069824219,0.007675600265805358,0.00896006847799257,0.011353657826584285,43.185570452896144,-1.5858194196487148,0
2024-02-23,180.7073974609375,183.2023604547528,180.4202689919066,183.1726595934398,45119700,-0.010034207487529367,181.19536699567522,184.70264325823103,186.8986331176758,0.007439503135280761,0.009104834182997608,0.011299416555383825,41.09315352273565,-1.6491130208985396,0
2024-02-26,179.3609161376953,180.9450175834942,178.85597124394113,180.43019254491847,40867400,-0.007451168807481978,180.772465297154,184.10093834286644,186.6352380371094,0.0076730445780659115,0.0091525638282079,0.011259512629594681,31.413734820851147,-1.7873203294765574,1
2024-02-27,180.81629943847656,182.0934817527884,177.77678047240937,179.3014951345761,54318900,0.008114272228984198,180.59849548339844,183.65093848818825,186.33667816162108,0.008640793242816152,0.009368905158601821,0.011042211960247532,30.807787088142135,-1.7591351332349348,0
2024-02-28,179.61831665039062,181.30143093346825,178.34113428414614,180.6974882375532,48953900,-0.006625413703334582,180.47261483328683,183.17638142903647,186.01119232177734,0.008403219366129732,0.00941182993528035,0.01106040652331098,28.293313899269847,-1.812571169038364,0
2024-02-29,178.9550018310547,180.75693496542868,177.74711623943745,179.46984202762675,136682600,-0.0036929130152523193,180.35805184500558,182.84398469470796,185.6831188964844,0.008375921581798113,0.008607952962079187,0.011063130422601708,28.972864190085957,-1.8866949300389138,0
2024-03-01,177.8758087158203,178.73716395290236,175.61845249589473,177.76690051629518,73563100,-0.006030527809740671,179.98182460239954,182.631591796875,185.3666857910156,0.00829092615055268,0.007689958117701444,0.011037559478045892,24.112622296623798,-2.009357784117441,0
2024-03-04,173.36109924316406,175.14321147352493,172.06409607852763,174.4006596751229,81510100,-0.02538124495540084,178.67069135393416,182.08838108607702,184.9391931152344,0.009891980360387362,0.008626839413015721,0.011486558333582718,20.766555994257004,-2.4427102598139925,0
2024-03-05,168.43052673339844,170.3314573247722,167.9354922531265,169.06417026385637,95132400,-0.028441054719258507,176.91685267857142,181.3579370407831,184.45481658935546,0.012768241260467977,0.010258894613121546,0.0120143432044151,18.228200553724207,-3.1477162998446033,0
2024-03-06,167.44046020507812,169.53941670485264,167.00482743895031,169.36119643359416,68587700,-0.005878189349175722,175.21393040248327,180.49418058849517,183.95360626220702,0.012832810373022455,0.009752055520279926,0.012020074010701447,18.14319500339731,-3.7431797146651604,0
2024-03-07,167.32167053222656,169.0344857697736,166.81674075207243,167.47017484778516,71765100,-0.0007094442568186254,173.28612627301897,179.5484873453776,183.47137756347655,0.01110823227348531,0.009309848914097384,0.012016277324871339,18.2749223976989,-4.176529660696019,1
2024-03-08,169.03445434570312,171.9749601051527,167.26223771139365,167.3216394265741,76267000,0.010236473303358862,171.7741459437779,178.6791752406529,183.03428161621093,0.013726058247854566,0.009837506212259338,0.012152869105544906,25.465948837707444,-4.3318207425716935,1
2024-03-11,171.034423828125,172.64824117092596,170.34137853305091,171.22253935977105,60139500,0.011831726792998154,170.64263480050224,177.95642307826452,182.63520721435546,0.01574816890152819,0.010481871162320336,0.012311764609080528,32.28784197222393,-4.244580340969719,1
2024-03-12,171.50967407226562,172.30173241116674,169.31171935776177,171.43046672764987,59825400,0.002778681820323037,169.73318699428015,177.22000122070312,182.23713439941406,0.01612440192313723,0.01043499731290829,0.01231600152523961,31.51685590439253,-4.089946612649612,0
2024-03-13,169.43052673339844,171.4700666239107,169.06419090034882,171.05423942259554,52488700,-0.012122624278273264,169.1716766357422,176.4647202264695,181.81824310302736,0.013978165057133585,0.010530821978114764,0.01238890461563532,23.133110536919347,-4.0880436603693795,1
2024-03-14,171.2819366455078,172.57892461566286,170.34137411890524,171.1928340614332,72913500,0.010927251114686065,169.57902090890067,175.89708019438245,181.57263793945313,0.009240480929806798,0.010893195311018488,0.011540811585374747,30.697440416483076,-3.8922745320001866,0
2024-03-15,170.90573120117188,170.90573120117188,168.5988682774061,169.47013396047814,121752700,-0.0021964105013276836,170.07405962262834,175.35348510742188,181.3469973754883,0.0087816420080404,0.010888114147336902,0.011507301713540656,31.9678719564302,-3.724548446563915,1
2024-03-18,171.99481201171875,175.94519331439105,171.79680120539754,173.82644596151624,75604200,0.006372406606218073,170.7416512625558,174.87542433965774,181.18941497802734,0.008695463847093994,0.01107722794293116,0.011434626223107877,30.88806330832128,-3.463815882528195,1
2024-03-19,174.33135986328125,174.85609525037736,171.31164624406932,172.6086342803731,55215200,0.01358499029263327,171.49835205078125,174.58170427594865,181.09299987792969,0.009176130475316445,0.011534065355502353,0.01160427470171517,39.08422217293558,-3.0336732657655716,1
2024-03-20,176.89564514160156,176.89564514160156,173.35119593354975,173.97494430389506,53423100,0.01470925988491878,172.3356693812779,174.44545200892858,180.96125122070313,0.009615668348897911,0.012048107899073278,0.011266144052357926,46.05759287713169,-2.4575367972021525,0
2024-03-21,169.6681365966797,175.72736975318543,169.14340118299,175.29173693263047,106181300,-0.040857470171955845,172.07259259905135,173.92920139857702,180.69325836181642,0.019870093751127534,0.014825308205111529,0.012618558442761472,37.28136589038336,-2.5546950969573174,1
2024-03-22,170.569091796875,171.3314491823172,168.37113733503185,170.05425166968308,71160100,0.00531010252288544,172.23524475097656,173.3592042468843,180.42251953125,0.01938417499724567,0.014598281431909292,0.01261450524608722,45.127824153586026,-2.529831867439867,0
2024-03-25,169.15330505371094,170.2324767040703,167.76719930445816,168.87608692531137,54288300,-0.008300371000685591,171.93115452357702,172.8090093703497,180.13533111572266,0.01912363203378643,0.014562089658996545,0.012649475759550098,51.43763316195528,-2.5944623894385757,0
2024-03-26,168.0246124267578,169.71762191427138,167.89589862566189,168.3117257823714,57388400,-0.006672601676891432,171.51956612723214,172.2691853841146,179.8190426635742,0.019220501517106046,0.014551282185840855,0.012660559466924473,51.15552832301549,-2.7055704736168593,1
2024-03-27,171.58888244628906,171.87601096065072,168.42066417893392,168.7176879462108,60273300,0.021212785246476518,171.4615761893136,171.8297845749628,179.61932708740235,0.0210622082224585,0.01531243270178819,0.012971886512098126,57.42850039153852,-2.47745902264154,0
2024-03-28,169.77703857421875,170.51959037094832,168.81667037520145,170.0443614510728,65672700,-0.010559214829302555,170.8109588623047,171.36115228562127,179.40216186523438,0.02040578799237713,0.015390848408881894,0.01302907877311919,51.28827145133709,-2.415040627511047,0
2024-04-01,168.34144592285156,169.54933141950085,167.79690490268092,169.48992969134684,46240500,-0.008455752694376373,169.58893040248327,170.85574486142113,179.03861663818358,0.018754323832547187,0.015443294305473998,0.012122049714970747,45.234776757821884,-2.4531357074750417,0
2024-04-02,167.1632537841797,167.65828830624176,166.55931106297376,167.40087579338118,49329500,-0.0069988239213046866,169.23109000069755,170.34562319800966,178.59356353759765,0.011501400499729118,0.015454886907855543,0.01187414018085943,42.495696538947705,-2.549013154891014,1
2024-04-03,167.9652099609375,168.98497988400436,166.90584392266877,167.11374996517486,47691700,0.004797442970290611,168.8591068812779,170.0886760893322,178.11847106933592,0.0114481106242031,0.014635293995567301,0.011734302879133364,47.35333529196793,-2.5311085180551345,0
2024-04-04,167.14346313476562,170.2126681045212,167.14346313476562,168.59885072968464,53704400,-0.0048923632838192566,168.57198660714286,170.02738734654017,177.6014324951172,0.011212479388769146,0.013301272530267126,0.011662398218249399,42.23628549460729,-2.553788580535837,1
2024-04-05,167.89588928222656,168.6978426903414,167.27214102824712,167.90578453281648,42104800,0.0045016785780862545,168.55359758649553,170.04907444545202,177.11289001464843,0.011174048421217829,0.013275679474578873,0.01170750295151901,44.43217518693211,-2.4824322578325564,0
2024-04-08,166.77716064453125,167.51971257536823,166.5692545639612,167.35140261724945,37425500,-0.00666322828079946,167.86620875767298,170.0231454031808,176.60849884033203,0.006183609790709855,0.013359698653485604,0.011720352552792317,40.35858406999799,-2.4874797908261144,1
2024-04-09,167.98504638671875,168.39097840146178,166.6781628437572,167.0246780139158,42373800,0.00724251292874567,167.61020987374442,169.97317359561012,176.16287384033203,0.00669447458198484,0.013259821911455381,0.011768284579490165,37.762543104970156,-2.3667315048679143,0
2024-04-10,166.11376953125,167.41075745661644,165.4504251384005,167.12364410431726,49709300,-0.011139544237532162,167.2919703892299,169.73885672433036,175.69346893310546,0.0072160633656231776,0.013163764949115163,0.011831876226816992,28.638636744274066,-2.3944324943127526,1
2024-04-11,173.30166625976562,173.71750852250418,166.49000200344838,166.6682071669761,91070300,0.04327092659927523,168.16888645717077,169.82418968563988,175.44079559326173,0.018091048318229778,0.01636767626606054,0.013251787531932456,57.210170971588305,-1.815455097508334,1
2024-04-12,174.7967071533203,176.58872985356905,172.47994902506244,172.52944039553972,101670900,0.008626811996797157,169.14481462751115,170.07972208658853,175.29000854492188,0.018131084533600197,0.016185098921272616,0.013064060979189216,58.19580526321083,-1.2218888595289172,0
2024-04-15,170.97503662109375,174.8759113224836,170.7869210734751,173.61851932570818,73531800,-0.02186351559171218,169.69218226841517,170.06510779971168,175.0141387939453,0.020752094977746344,0.0168109697994692,0.013236100991848647,53.23033897874003,-1.047782033374773,0
2024-04-16,167.6978759765625,172.03436750787574,166.59889888763496,170.04433444727837,73711200,-0.019167480290084304,169.6638946533203,169.91235278901598,174.69269927978516,0.022409556072908936,0.01732439213592922,0.013460904196474947,49.46164270252196,-1.1608589357137475,0
2024-04-17,166.3315887451172,168.9552655008738,166.3315887451172,167.9256004082147,50901200,-0.008147313873171913,169.6002415248326,169.6426754906064,174.307744140625,0.022490459623963233,0.01731528073309001,0.013385140258150486,40.66123919058399,-1.3452143627246755,0
2024-04-18,165.38111877441406,166.96523521407434,164.8959946340493,166.36129252101995,43122900,-0.005714308255418632,169.22825186593192,169.21647353399368,173.87174194335938,0.022311364072664507,0.016986399663770045,0.013303920180279365,41.9448316973645,-1.550143263456249,0
2024-04-19,163.36138916015625,164.74747975255278,162.45052746983075,164.559379327856,68149400,-0.01221257679973009,168.8350546700614,168.57198515392486,173.39316955566406,0.0223880234331613,0.0166454821600612,0.01336854950382075,41.06571023898465,-1.8541526761245564,1
2024-04-22,164.1930389404297,165.59893510418706,163.13367296874276,163.8762247169617,48116400,0.005090858889906347,167.53382219587053,168.31126621791296,172.95278594970702,0.011450968162860287,0.014375420000772436,0.013404960317688442,44.604303783994744,-2.004864311257421,1
2024-04-23,165.24252319335938,165.39104261951863,163.28219064755024,163.70792820716713,49537800,0.006391770684690545,166.16893877301897,168.057620093936,172.5181457519531,0.010942081390432574,0.014402815566278562,0.013431681349138438,45.09804783437636,-2.016376229589241,1
2024-04-24,167.34149169921875,167.6187098522012,164.5593998092657,164.8861093338651,48251800,0.012702350855555933,165.64986092703683,167.9713432675316,172.1591470336914,0.011404326788156276,0.014628025053729501,0.01356337058727137,50.34085644317957,-1.8349778092440658,1
2024-04-25,168.2028350830078,168.9156860278579,166.4801094484109,167.84640961058278,50558300,0.005147219467466213,165.7219979422433,167.9798300606864,171.85915618896485,0.009140367145377108,0.014602459790246405,0.013531650988706569,50.52635655344785,-1.603233958594501,0
2024-04-26,167.61868286132812,169.63841695172266,167.49986430971396,168.19292468782604,44838400,-0.0034729035416758425,165.90586853027344,167.790772937593,171.56510528564453,0.008558500169143684,0.013793386953050745,0.01352653401507188,51.47000967034467,-1.4499968288053537,1
2024-04-29,171.7769775390625,174.28185098854456,171.38095596804143,171.64826373021612,68169400,0.024808062005680753,166.81956263950892,167.8860081263951,171.35996307373046,0.011690525398240493,0.014700340372743535,0.014032285401425638,56.00494104956708,-0.9816992533529572,0
2024-04-30,168.63845825195312,173.25218351807536,168.31173366197407,171.6086653165762,65934800,-0.018270895972632095,167.57342965262276,167.90015157063803,171.1227426147461,0.013329221241653463,0.015153690798153242,0.014205667934808881,53.84384498797999,-0.8539781985844286,0
2024-05-01,167.61868286132812,170.9948217396029,167.43056733625505,167.8959009696714,50383100,-0.006047110494223129,168.06280735560827,167.92183866954986,170.87997741699218,0.013916608775733152,0.015132517787171985,0.014216222617660333,39.346755056601445,-0.8255295036608175,1
2024-05-02,171.31167602539062,171.6978024171198,169.19292849767666,170.79683580066592,94214900,0.022032109434469982,168.92982918875558,168.08119419642858,170.69602294921876,0.01568783083719755,0.015842865714341858,0.014576194391129381,43.96437316634753,-0.49923515120389084,1
2024-05-03,181.5588531494141,185.142897998268,180.84600228009177,184.796367814728,163224100,0.05981598780520181,170.96088082449776,168.76764133998327,170.6764193725586,0.026075067992361436,0.02029482929130129,0.016846601080505563,64.99293822863022,0.5795364926796651,0
2024-05-06,179.90545654296875,182.3707188474722,178.62825898838415,180.53910014061185,78569700,-0.009106670249148796,172.63268389020647,169.3395254952567,170.6603805541992,0.027230534223785765,0.02049892169605487,0.016835799705635857,68.127068658621,1.2862286611035927,1
2024-05-07,180.58859252929688,183.06376520709568,179.51933122687228,181.6281680754234,77305800,0.003797194367837209,174.48552812848772,169.9972127278646,170.68493408203125,0.02676726386082271,0.020366490495642504,0.01680866898760514,71.60866486306718,1.8797421633524607,1
2024-05-08,180.9252166748047,181.25194126160503,179.64801918938014,181.0341248704048,45057100,0.00186403881215913,175.79241943359375,170.61341131301154,170.6871124267578,0.026193846793247228,0.020357355811748058,0.016772371035246546,74.00614777277556,2.3501772646038432,1
2024-05-09,182.7370758056641,182.8261784061232,180.30149897565,180.7470270852025,48983000,0.010014409069997399,177.80650765555245,171.40499732607887,170.74948760986328,0.023564763101276174,0.02010642808422412,0.016800277299312816,80.11698569484386,2.836504898363927,0
2024-05-10,181.4779510498047,183.5004246665796,180.56585391849484,183.3120539854214,50759500,-0.006890362835828889,179.7864031110491,171.79434422084265,170.7999465942383,0.023672915833359398,0.018188287081155836,0.01682256161989138,76.51479119307001,3.084762979636025,1
2024-05-13,184.6802215576172,185.4931866387208,183.0344740478803,183.84743912898392,72044800,0.01764550728773484,181.6961953299386,172.2649877639044,170.93603485107423,0.02340876432921521,0.01844846305204349,0.016969929243163373,77.96981496306235,3.4995649586959416,1
2024-05-14,185.82034301757807,186.6828817403559,184.6901339480471,185.89965779253163,52393600,0.006173489777870911,182.3049795968192,172.97190711611793,171.1852197265625,0.00930223428167284,0.01756929067343982,0.016554612698120454,77.34464965845989,3.8756210421306605,1
2024-05-15,188.09068298339844,189.0126888680272,185.76085876781028,186.2962297111884,70400000,0.012217930119769571,183.47429765973772,173.9429931640625,171.5784228515625,0.007931038391028745,0.016807976554734035,0.016043468139701762,78.25156217350846,4.307194996030944,1
2024-05-16,188.2096405029297,189.458829238671,188.0311936136785,188.8342348708004,52845200,0.000632447698335703,184.56301879882812,174.98480515252976,171.99380645751953,0.008190314997890105,0.016555934150612493,0.01600181189335877,79.6421283391213,4.605727383168642,1
2024-05-17,188.23936462402344,189.17129419091543,187.5552880216136,187.88245575005936,41282900,0.00015793091689841887,185.60789707728796,176.07329305013022,172.41216033935547,0.008355919571093964,0.016396487243745348,0.01599876956470037,76.89579266726986,4.7895045122877775,1
2024-05-20,189.3993225097656,190.27176982167657,187.38675756521693,187.7040166341828,44361300,0.0061621430143423694,186.5596466064453,177.31319463820685,172.81945770263673,0.008149277359629607,0.015839488432562707,0.015968819952052144,86.26293844662932,4.9714404474997025,1
2024-05-21,190.69810485839844,191.07483113273048,189.2803778274553,189.44891605266244,42309400,0.006857375894604223,187.87681143624442,178.5753406343006,173.2127313232422,0.006180834252313096,0.01583250527710357,0.015924302307669433,89.92362809569622,5.160934824009672,0
2024-05-22,189.2605438232422,191.1640681663492,188.63596455316463,190.6187885434668,34648500,-0.00753841280291534,188.53114318847656,179.71905590239027,173.56774871826173,0.006360606359039288,0.016159504032056106,0.015984726143473196,83.6763965734328,5.135907773467892,0
2024-05-23,185.2750701904297,189.35968258649527,185.02721720275105,189.3398501117122,51005900,-0.021058132626601167,188.4532470703125,180.57303583054315,173.88463958740235,0.01106065369381489,0.017170290764377715,0.01619549038562298,59.114036033123064,4.739841301355057,1
2024-05-24,188.3484344482422,188.94328765804343,186.42509288132968,187.1984081051696,36327000,0.016588115468819664,188.49006870814733,181.5323500860305,174.22596954345704,0.011974939964155992,0.017355793399547202,0.016279334305855746,69.35814879058577,4.620686185065296,1
2024-05-28,188.3583526611328,191.34249703943843,187.4759966736773,189.8652878598297,52280100,5.2658854954978906e-05,188.51131330217635,182.51995340983072,174.57502197265626,0.011973918210039597,0.017281122215655163,0.016270522674633716,68.3820646723603,4.475464841022557,1
2024-05-29,188.65579223632807,190.5989665094868,187.88249204796583,187.9816393040112,53068000,0.0015791153988820028,188.57080296107702,183.32370649065288,174.90824157714843,0.011985632810537786,0.016732263189618297,0.01625880261624313,68.3233331524981,4.3344123599103455,1
2024-05-30,189.64718627929688,190.52954231443272,188.9928658858645,189.12173915319045,49889100,0.005255041635439994,188.60621207101005,184.3241221110026,175.21455810546874,0.01191737686034736,0.015890549727651505,0.016179940253529118,67.04144260765172,4.25359170879247,1
2024-05-31,190.59893798828125,190.9161970579539,188.2790377703441,189.79589676882185,75158300,0.005018538517005622,188.592045375279,185.41841997419084,175.48862396240236,0.01176672033145973,0.01566253222092917,0.016080034635218086,72.84008922778533,4.217719919501832,1
2024-06-03,192.36366271972656,193.31542486412093,190.86663609575572,191.24336235629545,50080500,0.009258838218467957,189.03534807477678,186.42089553106396,175.94253448486327,0.011689172607178477,0.015261932986624422,0.01489673087913282,70.73298472433812,4.282325819067438,1
2024-06-04,192.680908203125,193.64257895328527,191.37223723797064,192.9684109970025,47471400,0.0016491965213860649,190.09332493373327,186.9505172002883,176.38477081298828,0.005731876171740959,0.008884324642557083,0.01489224054669481,69.37286607803033,4.309448875020223,1
2024-06-05,194.18783569335932,195.20898869639487,193.19642383583025,193.7218709101011,54156800,0.007820844858410725,190.92752511160714,187.63063049316403,176.88546142578124,0.003436178442575683,0.008502801187997506,0.014826950805154972,67.99289619602453,4.401799344004559,0
2024-06-06,192.80978393554688,194.81244022862765,192.5024486640224,194.0093990023229,41181800,-0.007096488577114202,191.56344386509485,188.21259198869976,177.38116485595702,0.005423309870730933,0.008821557541066352,0.014832638674507823,62.63614850109865,4.314060689804933,1
2024-06-07,195.1990966796875,195.24867030234284,192.4727138388465,192.97832848334124,53103900,0.012392072100134266,192.49820164271765,188.89230056036084,177.853369140625,0.006301924527325206,0.009040649538764281,0.01466139087868171,66.92385040944839,4.3867569410066665,0
2024-06-10,191.4614715576172,195.6055813883456,190.49980075281104,195.20900753042525,97010200,-0.019147758292158423,192.75738525390625,189.30774797712053,178.28705780029296,0.011040603462329442,0.010183503906651204,0.014868576847123128,54.455892777658796,4.095563031885575,1
2024-06-11,205.37098693847656,205.38091074009856,191.9671077738812,191.9869251216324,172373300,0.07264916156603096,194.86767796107702,190.4455115908668,179.02764862060548,0.02926734217457942,0.0182231588280748,0.017785433891963034,70.52133822065692,4.930337543361986,1
2024-06-12,211.2401428222656,218.30889945026047,205.1231180281253,205.58908283581823,198134300,0.02857831075013184,197.5643179757254,191.71026974632625,179.90918640136718,0.02997000244855191,0.018720068052875558,0.018040718657739308,77.35012404300062,5.996371746292596,1
2024-06-13,212.40011596679688,214.8885546834631,209.7827888470424,212.8958219752939,97862700,0.005491253362327253,200.38134765624997,192.97597322009855,180.79788452148438,0.029743967003250625,0.01872140268425273,0.01804094638236865,86.30575498868767,6.855782478109205,0
2024-06-14,210.6651153564453,213.32209192759063,209.48533280144244,212.01343611534224,70122700,-0.008168548319544167,202.73524475097656,194.05094619024365,181.66831756591796,0.030922586545943036,0.01894001033322337,0.01808299394714484,80.97986933155073,7.312576792204027,1
2024-06-17,214.8092193603516,217.0696373326701,210.8931452933454,211.5375569916551,93728300,0.019671524622832948,205.87802124023438,195.31759280250185,182.60658416748046,0.029787344367528463,0.019146011734906907,0.018204811372131872,82.93823553554446,7.917713662051995,0
2024-06-18,212.4496612548828,216.75240063817128,211.1707464886947,215.7213237330737,79943300,-0.01098443592176801,208.34238760811942,196.47046407063803,183.5200341796875,0.03150985451148934,0.019481555010740805,0.01827192349604399,78.1822111872547,8.113366532726786,0
2024-06-20,207.87924194335932,212.4000929584359,207.05638337080816,212.0927425591543,86172500,-0.02151295174832124,210.68778337751115,197.35046023414247,184.3179180908203,0.031916884450765376,0.020382012204763714,0.01864895371427159,69.90687458057235,7.809603947490331,0
2024-06-21,205.7080841064453,210.0702909143085,205.33134270047412,208.58317289420788,241805100,-0.01044432246633642,210.7359401157924,198.06522115071616,185.10980438232423,0.0182214517173035,0.02063583560293728,0.01863735822346276,66.0691931169749,7.30941720628357,1
2024-06-24,206.3524932861328,210.87332959032133,204.8158016590104,205.9361020610361,80727000,0.0031326390622259392,210.03770446777344,198.8791235060919,185.77082092285156,0.013612803905754723,0.02047310404951896,0.017775680055203313,65.24088245542639,6.885640666039308,1
2024-06-25,207.2744903564453,209.56464939365068,206.8184342324815,207.35378999494392,55549700,0.0044680684765656675,209.30547223772322,199.92671494256882,186.42037658691407,0.013508276092170925,0.019631470636601225,0.017761635121489226,65.69296619466594,6.54870279349629,1
2024-06-26,211.41860961914065,213.0147835489249,208.83102368645305,209.68363861405976,66213200,0.01999338778046833,209.4131142752511,201.0252947126116,187.229248046875,0.015844869892251458,0.019741085418319083,0.01752346186887558,67.53432842495454,6.540676050567981,1
2024-06-27,212.2613220214844,213.88723714823547,210.5263509661449,212.8462514894824,49772700,0.003985989709524018,209.04912894112724,202.16353134881882,188.12051696777343,0.013659603443369524,0.019703469425679826,0.017190658529631073,70.012257503011,6.527074594038254,0
2024-06-28,208.8111572265625,214.21436386521,208.4939133036932,213.91693728719588,82542700,-0.01625432632786805,208.5293426513672,203.12331063406808,188.97010833740234,0.014387375783619398,0.020274376089670993,0.017353362290302706,63.70528054590055,6.166808744523621,1
2024-07-01,214.88853454589844,215.6420021622164,210.10001313722785,210.26855134899324,60402900,0.029104658008010098,209.53067016601562,204.32527959914435,189.96025665283204,0.015815398856601395,0.020944179192009776,0.017623302063269924,72.52616752497904,6.2990771814090465,1
2024-07-02,218.3782958984375,218.4873518087768,213.2526983679821,214.293668724795,58046200,0.0162398676128237,211.34070042201452,205.64810616629464,191.06059478759767,0.014688872142199464,0.02105613331500595,0.01750193778108938,65.64133841667149,6.609307464283546,1
2024-07-03,219.64732360839844,219.64732360839844,217.1489612238199,218.1106320389385,37369800,0.005811143935984919,213.2399618966239,206.94732811337425,192.16968048095703,0.014554945644182018,0.02104867345194118,0.017501496718274605,61.36726652739191,6.878278614745824,1
2024-07-05,224.39614868164065,224.5052045874235,219.74642480522968,219.74642480522968,60412400,0.021620227350043875,215.68591308593753,208.45757765997024,193.35275299072265,0.01508903039694678,0.021266592553710398,0.017640702152579357,64.78486150781619,7.389449708674363,1
2024-07-08,225.86346435546875,225.8932055019905,221.3327047505454,225.1397227827852,59085900,0.006538952127515429,217.74946376255585,209.9659409295945,194.52319244384765,0.014678162758225272,0.021267443810391747,0.017616482586778774,68.85606833050434,7.822780451873314,1
2024-07-09,226.71609497070312,227.42991284004063,224.4259356098064,225.9725359507888,48076100,0.003774982455296394,219.8144313267299,211.58052716936385,195.69345764160155,0.014691771368066854,0.02102707276489417,0.017619168679542645,66.08625275360924,8.14115221768185,1
2024-07-10,230.97915649414065,231.0783037422216,227.28119408246096,227.3307677065015,62627700,0.018803523957963364,222.98128836495536,213.28433954148065,196.9606671142578,0.009481732709135268,0.02114104002419787,0.017652817966123793,73.8088880052984,8.637885406806816,0
2024-07-11,225.6156311035156,230.39422897123265,223.83108651749723,229.40281699319425,64710600,-0.02322081988710145,224.51373073032923,214.91072809128534,198.03744018554687,0.015076073463804027,0.021421830142328454,0.017945171695707234,72.33459817122424,8.500766815481,1
2024-07-12,228.5601043701172,230.64207551688347,226.71607753741577,226.9540218514806,53046500,0.013050838952069821,225.96827479771204,216.01497177850632,199.23587310791015,0.014798817654706654,0.015591676708937293,0.017638152640257768,78.22672755194574,8.531349640518982,1
2024-07-15,232.386962890625,235.1926606193721,231.0882156126273,234.44910163171727,62631300,0.01674333554866947,227.78822326660156,217.02196321033296,200.5312387084961,0.01526795716215078,0.014903996075487957,0.017608372684189164,79.81375001179472,8.763363648774202,1
2024-07-16,232.8033447265625,234.24088892580107,230.3347237014565,232.9817916034945,43234300,0.0017917607371695787,228.98925127301897,217.99354553222656,201.76107208251952,0.014159539033800872,0.014915530127320225,0.017481002077208214,79.57724940927129,8.878489258692554,0
2024-07-17,226.91436767578125,229.47221227385296,224.69359950369105,227.479464610192,57345900,-0.025295929737169875,229.1393803187779,218.76731945219495,202.66818237304688,0.0182402074197096,0.01606583162780186,0.01626507259254989,67.25543542902652,8.397732074279162,0
2024-07-18,222.25473022460932,228.46097889584823,220.3611448415193,228.3023493485251,66034600,-0.020534783667069068,228.50204249790733,219.12186758858817,203.51516784667967,0.019826166183008823,0.016454276892568884,0.0165395559285421,60.256378132689086,7.553660841676248,1
2024-07-19,222.38360595703125,224.8522270905052,221.3624528868853,222.88923571935769,49151500,0.0005798559710818996,227.2741067068917,219.59491257440476,204.35106811523437,0.017609716899802164,0.016198196872584204,0.016548081364986724,64.94870795127585,6.816550551577421,0
2024-07-22,222.03662109375,225.82380677595344,221.174082433242,225.06041535891617,48201800,-0.0015602987539841129,226.76281956263946,220.26907348632812,205.1732962036133,0.015732614318252795,0.015291132606501686,0.016565464390943967,59.010268224819946,6.13368129757356,1
2024-07-23,223.07760620117188,224.9910392063895,220.7676144514488,222.44310313331528,39960300,0.004688348716054058,225.97960553850444,221.09619358607702,205.98010681152343,0.01466503550428138,0.014966447401785245,0.01654465982333176,56.31329717230603,5.611811818845467,0
2024-07-24,216.6631622314453,222.86941075843336,215.26528287042115,222.07627816799848,61777600,-0.028754315948423814,223.73334830147877,221.58717782156808,206.68381103515625,0.01434402959499686,0.016586033699436845,0.01712076369991762,46.47786622483163,4.627293912640482,0
2024-07-25,215.6221923828125,218.9533371697593,212.77682977395943,217.0498128962932,51391200,-0.004804553934834699,221.27889796665733,221.98468744187127,207.30265045166016,0.013650164960217082,0.016653080479714227,0.017041560646139434,38.650978051570654,3.720174950764033,1
2024-07-26,216.08816528320312,217.60502442671483,214.15489978899527,216.82180047841348,41601300,0.0021610618797685,219.73229762486045,222.20704723539808,207.90800689697267,0.012706703337295806,0.01613712472101651,0.017036926703777867,37.01949768162629,3.0042456826496675,1
2024-07-29,216.36575317382807,217.41664743865044,213.8971319294418,215.096747065996,36311800,0.001284604782779919,218.8910151890346,222.40249633789062,208.47350830078125,0.01141169375337622,0.016124276528067895,0.016988429677126708,36.04275240412313,2.431239783719292,1
2024-07-30,216.9209442138672,218.437803332798,214.26395224147612,217.3075942808937,41643800,0.002565983904084357,218.11063494001115,222.78867667061942,209.047734375,0.01156164004008733,0.01563064734385914,0.01698526032369941,28.93639805888732,1.998885845771639,1
2024-07-31,220.1727600097656,221.89782218872543,218.7352157578384,219.53825698895488,50036300,0.014990787577857656,217.84436907087053,223.0403064546131,209.68640228271485,0.013544122973442386,0.014678313328172498,0.017064261988616287,41.293956848579555,1.8967717886960145,0
2024-08-01,216.48471069335932,222.552146893606,215.1562223313537,222.44309097566543,62501000,-0.016750706655277003,216.90252685546875,222.95013573056175,210.22811004638672,0.014407219178334542,0.014760191445176315,0.017291418932862845,31.133807682239933,1.500948900633432,1
2024-08-02,217.97183227539065,223.6625423233413,215.84030263063204,217.2679231335739,105568600,0.006869406976910186,217.08947971888952,222.87035042898995,210.77358459472657,0.009855515851763584,0.014783923340331205,0.017291476327308784,25.70182829782418,1.292357203987109,0
2024-08-05,207.4727935791016,211.6664621054212,194.3167520967801,197.3802115476467,119548600,-0.04816695160420703,215.92527988978796,222.0644763764881,211.13782958984376,0.021171531582453888,0.017256473862167786,0.0186865918986864,18.13418530842077,0.27667279119572186,0
2024-08-06,205.45030212402344,208.18660889381388,199.3432157724579,203.53688424769564,69660500,-0.009748224912713988,214.40558515276228,221.09242103213356,211.54133422851564,0.020950117539346468,0.017144443570788294,0.01846885360878927,20.088399265621987,-0.6835826658544306,1
2024-08-07,208.01806640625,211.80525225793107,204.61751548926864,205.12313014700663,63516400,0.012498225875941849,213.2130584716797,220.20203871954055,211.93472686767578,0.022086508764448478,0.017454245891348745,0.01841296010158097,28.931925624716797,-1.2232935493958337,1
2024-08-08,211.4780731201172,212.36042911915672,207.03655197769595,211.2797937627113,47161100,0.016633202940700142,212.43550545828683,219.2734157017299,212.39712127685547,0.02352439733011695,0.017318724345479007,0.018523328908195847,35.3098113823398,-1.3561913579087275,1
2024-08-09,214.38291931152344,214.9182750928265,210.1495861717322,210.2784745623819,42201600,0.013735921405697349,211.60838535853796,218.73852466401598,212.9116638183594,0.023365296487196128,0.017149774778524033,0.01859085750096847,40.35481544866312,-1.2131327782792027,1
2024-08-12,215.91148376464844,217.87674748817912,213.9958510490632,214.46235526228747,38028100,0.007130066415896863,211.52649579729353,218.13620939708892,213.4369497680664,0.022856426287510345,0.016932307285834454,0.01859794844007065,41.078893190774664,-0.9652882050634162,1
2024-08-13,219.62364196777344,220.2390240033397,217.38044783379533,217.38044783379533,44155300,0.017192963238450876,211.76246861049108,217.52843221028647,214.01744384765624,0.023702227957414574,0.01695821277724279,0.01870741902415772,53.95135478163253,-0.4639809681913789,1
2024-08-14,220.0702972412109,221.3705477847693,218.06532277692483,218.92885985517657,41960600,0.0020337303827382414,213.5621119907924,216.92209661574591,214.57157653808594,0.009676468650292236,0.016961390304927357,0.018686051245242002,56.03259423218832,-0.030300735516618715,1
2024-08-15,223.0479736328125,223.6732909687273,221.10255033510867,222.9288713384501,46414000,0.01353056922687701,216.07606506347656,216.73798261369978,215.1789178466797,0.005429225973420362,0.016465256820061416,0.0187457310351018,58.83696149166516,0.5473579707297347,1
2024-08-16,224.3680877685547,225.1422830006272,221.98593577772976,222.25393109506464,44340200,0.005918521088720485,218.41178240094865,216.838618687221,215.7825228881836,0.005846215046334281,0.015872089550586197,0.018737887510597597,59.898613207764434,1.0990101306602185,0
2024-08-19,224.2092742919922,224.30853630427512,221.380473539752,224.0405409873165,40687800,-0.0007078256009666051,220.23052542550224,216.92555527460007,216.4105126953125,0.00662524440611451,0.015874547952847883,0.01868890612416365,59.10469576674189,1.5060230255733131,1
2024-08-20,224.8246307373047,225.4797235950926,223.772520166148,224.09014645304697,30299000,0.0027445628520750276,221.72219848632812,217.05831763857887,217.00302337646485,0.006451396886457721,0.01587425212179529,0.01864172524301908,56.22096532551282,1.8568333801817118,0
2024-08-21,224.7154693603516,226.2837152200136,223.375523094966,224.8345868015738,34765500,-0.0004855401145110738,222.97991071428572,217.13631112234933,217.66810333251954,0.0070111313062719725,0.015849655601786198,0.018374160605172177,62.17216057537005,2.1018162731786276,0
2024-08-22,222.859375,226.6410241305216,222.2340576918725,226.09511339685903,43695300,-0.008259753392300673,223.44215829031808,217.43136887323288,218.01787109375,0.006677717597098046,0.014536807434048128,0.015484006496529434,57.149974686799325,2.12173760762758,1
2024-08-23,225.15219116210932,226.52192810531065,222.66087229355688,223.98097823318813,38677300,0.010288174603869882,224.16814313616072,217.8851783389137,218.29611206054688,0.0073562269149979615,0.014585339891460922,0.015047251581396316,84.03481509985976,2.296068858573477,1
2024-08-26,225.4896545410156,225.58891654674125,222.22414052811973,225.0727813784282,30602200,0.0014988234276755996,224.51695469447546,218.33286830357142,218.55790283203126,0.0058071600566142545,0.014586064058999393,0.015035623171418358,91.25447240537662,2.4334073006965866,1
2024-08-27,226.33334350585932,227.1472495725316,223.2167072550592,224.31844891527624,35934600,0.0037415861342333656,224.79770551409038,218.8075154622396,218.87126739501954,0.00558975435429599,0.014588770983216866,0.014976647389887469,90.58622480584505,2.5805803303167636,0
2024-08-28,224.80479431152344,228.14971479709,224.0008084384826,226.22414704916852,38052200,-0.006753530746548164,224.88277980259483,219.1829368954613,219.07117889404296,0.006358655529338048,0.014719843324111286,0.014789070452521771,82.29630747202961,2.544542963886215,1
2024-08-29,228.0802459716797,231.1869621230462,227.1770283167567,228.3879521456165,51906300,0.014570203763614176,225.34786769321983,219.55948384602866,219.3837905883789,0.008346670879861602,0.014701282123364051,0.01480736851754038,82.60870196974206,2.748600510497141,0
2024-08-30,227.296142578125,228.6857199244299,225.787447784096,228.4772908951128,52990800,-0.003437840003259418,225.7165352957589,220.0743139357794,219.77212860107423,0.008569856156845544,0.01413821749497998,0.01444966327478818,78.09902571113311,2.8146020155013503,0
2024-09-03,221.11248779296875,227.2961293418145,219.52438650802387,226.8494805883164,50190600,-0.02720527816714191,225.46697998046872,220.22386896042596,220.0802166748047,0.013688991915748992,0.015492537653960563,0.014928162046789518,53.27512558681587,2.340954356896731,0
2024-09-04,219.206771850586,220.12984491677884,215.8618360334932,220.01074262314265,43840200,-0.008618762157690085,224.61763436453683,220.78262983049666,220.33730224609374,0.012924635029567475,0.010993244401169595,0.014995181237338773,48.21502017375435,1.7911624197726042,1
2024-09-05,220.72537231445312,223.8022974801588,219.8717705933337,219.9809527371486,36615400,0.006927707803216165,223.93702261788505,221.510014125279,220.6063198852539,0.013444081280426033,0.010647387076038326,0.015009745311038611,44.89079662675897,1.4611435610832757,0
2024-09-06,219.177001953125,223.5641132436584,218.13481142105056,222.2837029728863,48423000,-0.007014917882309679,222.9146881103516,222.04139200846353,220.76148773193358,0.01316111876002365,0.010671988092000706,0.014810503565755343,38.694306992386394,1.0624138445559765,1
2024-09-09,219.2663116455078,219.62363365317324,215.0975649862482,219.17698492990527,67180000,0.00040747747978553406,222.1234763009208,222.41226050967262,220.90158752441405,0.013235280016600398,0.01017695545491137,0.014803583661081074,39.20200531996443,0.745035907130017,0
2024-09-10,218.47227478027344,219.83207646515768,215.1174187834135,217.29112653781647,51591000,-0.0036213354403393794,220.75090898786274,222.60699172247024,221.0948098754883,0.010629445174820814,0.009856611474090957,0.014613892965396646,36.23065117878959,0.4245455691037421,1
2024-09-11,221.0032958984375,221.43008920211523,216.2687829714404,219.8122275598596,44587100,0.011585090697250333,219.85193089076455,222.8494589669364,221.21710510253905,0.012588066417106126,0.010042540739693732,0.014128515355741942,42.71805196119092,0.3705158428215327,1
2024-09-12,221.11248779296875,221.8866830044339,218.1844402475294,220.8444924827673,37455600,0.0004940736023295589,219.85193089076455,222.92035638718377,221.2717889404297,0.007294063637917773,0.009346445783094012,0.01394850252011627,46.321099466950784,0.3326729224454539,0
2024-09-13,220.8444976806641,222.37303270856336,220.25889118684435,221.9164638014437,36766600,-0.0012120080370837671,220.0858917236328,222.95722307477678,221.295732421875,0.00630121363156458,0.009344283186109494,0.013927683844878191,40.08227619084433,0.27785463772255525,0
2024-09-16,214.7104949951172,215.603792556434,212.32834292284383,214.92884416844976,59357400,-0.027775211743860218,219.22662353515625,222.56020028250558,221.10201934814452,0.012004706573464153,0.01065533275544262,0.014128060939037195,30.411277678845167,-0.257582747021047,1
2024-09-17,215.17697143554688,215.28615358843467,212.904016801209,214.14471619981745,45519300,0.0021725833217434154,218.65519060407365,222.12252807617188,220.8882894897461,0.012106227870639903,0.010551245022049733,0.01409533548118686,29.443954620291294,-0.636937759797064,1
2024-09-18,219.0479431152344,221.05291740528648,215.921371822364,215.931307109631,59894900,0.01798971169573793,218.6239950997489,221.87675040108817,220.73492645263673,0.014427025856011336,0.011413727853848917,0.014332301926325704,40.23564012963211,-0.6180992140505168,1
2024-09-19,227.1670837402344,228.11002736409569,222.9586412306041,223.31596324984213,66781300,0.03706558714741637,219.8661106654576,221.98829578218005,220.6586849975586,0.01990542714293454,0.01412000425530966,0.015051172346341669,48.66973568095889,0.051384929643205624,0
2024-09-20,226.50205993652344,231.35567496568984,225.9263736470506,228.25889437635817,318679900,-0.002927465514640404,220.65164838518416,222.07337152390252,220.67641357421874,0.01995331250630382,0.014139332581090095,0.014687523152043244,48.8391794825124,0.5222736284845269,0
2024-09-23,224.78497314453125,227.74279650292337,224.1298801756485,225.6484951474401,54146000,-0.007580888193570501,221.17628914969308,222.16506667364212,220.60091094970704,0.020397138744660013,0.01411913218569371,0.014608292962392772,56.174955358059165,0.748276099970667,1
2024-09-24,225.67825317382807,227.64353192764617,224.050456167142,226.94872814757065,43556100,0.0039739312499438295,221.8668256487165,222.19011724562873,220.4667367553711,0.020332514507711365,0.013966774055615952,0.014415897459138124,61.2647404579786,0.988075006178974,0
2024-09-25,224.6856842041016,225.5988371064948,222.3531785177917,223.2563961324406,42308700,-0.004398159573496652,223.29185267857142,222.15183294387091,220.30438354492188,0.015796646236474855,0.013998679269018086,0.014422540548925031,57.02221031755701,1.0855122370343508,1
2024-09-26,225.8271331787109,226.7998372114188,223.7328321067472,225.60876888531143,36636700,0.0050802033901387045,224.8133043561663,222.12772769019716,220.28263885498046,0.01569832812820994,0.01401996843892193,0.013994758970491192,61.96430444061457,1.24053719665298,1
2024-09-27,226.09510803222656,227.81224676693589,225.60876359989413,226.76013618443497,34026000,0.0011866370960109673,225.8200422014509,222.18917120070685,220.3594464111328,0.015012694056578723,0.013935919199177502,0.013677834700405428,62.207264808058284,1.3692352337098441,1
2024-09-30,231.2663726806641,231.2663726806641,227.9412921655648,228.32838978012128,54541900,0.022872076682439513,226.40565490722656,222.34089152018228,220.53710174560547,0.010034701247515312,0.014466683278937676,0.01404114371521136,69.77605779835307,1.8669857448552705,0
2024-10-01,224.5269012451172,227.9412933564836,222.0752779583648,227.8122709144617,63285000,-0.029141597013988996,226.1234893798828,222.20902288527716,220.58690734863282,0.015721674313450062,0.01585990055209758,0.014666852835857731,54.819476509635706,1.6980633727477255,1
2024-10-02,225.0926513671875,225.67825786117984,221.3606329474616,224.2092739820147,32880600,0.002519743152971543,226.16744341169084,222.39855448404947,220.62720825195314,0.015494302591714948,0.014632926570736584,0.014656902589043144,55.37679003713648,1.5914966992360746,0
2024-10-03,223.99090576171875,225.1224230122484,221.65839996957536,223.4648504260935,34044200,-0.00489463160514958,225.92639378138952,222.62637038457962,220.7737631225586,0.015506304271424307,0.01453336961217608,0.014068730528982177,54.15683414311796,1.4019790383649422,1
2024-10-04,225.11248779296875,226.3035561118749,222.4623558611945,226.20429410810965,37245100,0.005007265930890625,225.98736572265625,222.8352806454613,220.96356903076173,0.015566911903179586,0.014501063555514076,0.014057910331800818,65.84037977595452,1.326990502701051,0
2024-10-07,220.04049682617188,224.01073444452052,219.68317483471031,222.8295863298211,39505400,-0.02253091783811423,225.16070338657923,222.87639944893974,221.04261566162108,0.017548224486409983,0.01530487283173188,0.01444325584068266,56.495214014220615,0.8485131340723058,1
2024-10-08,224.09014892578125,224.2985779267605,221.588894897244,222.63108533790577,31855700,0.01840412177767692,224.87428065708704,223.1061059860956,221.19710357666017,0.019431445785558856,0.01580688965009999,0.014664293727314062,56.7018559772071,0.7870172078041264,1
2024-10-09,227.8321075439453,228.04055170887608,223.1571606453159,223.554178398676,33591100,0.016698452101093553,224.3836713518415,223.55181230817522,221.4153268432617,0.018266788449088148,0.016118704036647596,0.014834087135304819,51.00031260486145,1.0283716031136123,0
2024-10-10,227.3358154296875,227.7923994519787,225.47973405841245,226.0851959438118,28183500,-0.0021783238526293935,224.78494480678015,223.85336085728235,221.55858795166014,0.01391089588540296,0.01599407610617778,0.014703901954900254,51.26051311910848,1.1661573384367898,0
2024-10-11,225.85694885253903,227.7031103866363,225.64850466446404,227.5939282205509,31759200,-0.0065052071727160765,224.89413016183036,224.07928757440476,221.74603271484375,0.014253646452990902,0.01608803620494216,0.014525384438772118,51.63242477573414,1.1428473204879879,1
2024-10-14,229.5790252685547,230.00581860221664,226.89911753216435,226.99836439928595,39882100,0.016479795883746595,225.6924329485212,224.4952174595424,221.97817657470702,0.015148848854645161,0.016418835315087355,0.014668166285551527,55.46898900259166,1.4084783616007144,1
2024-10-15,232.1100311279297,235.72294688412148,230.64103225198247,231.87181141001133,64751400,0.01102455181353923,226.69208199637276,225.32376679920014,222.4709213256836,0.015408848019291387,0.015027537713610855,0.012887696461373473,59.97867112932263,1.8024464155098485,0
2024-10-16,230.055419921875,230.3928864880036,228.1298522341637,229.87676649695567,34082200,-0.008851884582800618,228.12278529575892,226.03226434616815,222.96302368164064,0.011873551032300832,0.015278604721306042,0.012871168171302145,55.546859205198075,1.9266695362888129,1
2024-10-17,230.42269897460932,232.1100623660924,228.80483716826544,231.6931740173152,32993800,0.0015964807647610435,229.02743530273438,226.57391938709077,223.4111163330078,0.010691190129186505,0.014904733508670458,0.012787749732364689,55.662378017883114,2.0313376090684017,1
2024-10-18,233.2514495849609,234.4226623599636,232.26881036633287,234.4226623599636,46431500,0.012276353948372565,229.80162702287944,226.86365109398253,223.8465838623047,0.009921327570160645,0.012875365080605222,0.01270144586639264,52.76696369474103,2.3158486821965028,1
2024-10-21,234.720458984375,235.0877162866724,232.7055644739604,232.7055644739604,36254500,0.006297964715880511,230.8565761021205,227.2550034295945,224.2533346557617,0.009639431797964785,0.012879914145597757,0.01260486827129291,66.65582947175155,2.6295507151452853,0
2024-10-22,234.10508728027344,234.4624093106695,230.8693487210388,232.14974382855843,38846600,-0.002621721629057161,232.03488159179685,227.69881838843935,224.61720672607422,0.008981963636499751,0.012744493670709116,0.012597610716778946,64.70208708059127,2.7962727906025293,0
2024-10-23,229.04299926757807,233.39041424004768,226.06532109909307,232.33830371042365,52287000,-0.021623143997016037,231.9583064488002,227.85904439290366,224.80559387207032,0.01201898419604629,0.013733386150479037,0.012817295369682074,57.298490985946685,2.491215853944027,0
2024-10-24,228.85446166992188,229.10260155629064,226.710529416834,228.26884002769643,31109500,-0.000823153723358061,231.49322509765622,228.05755760556175,224.98127716064454,0.01094976247332163,0.013687873781638592,0.012818600562120828,55.555600864125026,2.208781170949038,1
2024-10-25,229.68820190429688,231.484732210271,227.8618960243761,228.03062932515897,38802300,0.003643102381711616,231.44076538085935,228.24141802106584,225.11408172607423,0.010654270247456575,0.01366985344641728,0.012694872039950768,66.38579195886652,2.028838333499124,1
2024-10-28,231.66339111328125,232.98349712196287,230.81972458948547,231.58399967772365,36087100,0.008599436943685035,231.61800711495536,228.50657435825892,225.25998779296876,0.011165316779192325,0.013773027251239101,0.012723139926394136,63.83757356229415,2.0223017643220373,1
2024-10-29,231.93136596679688,232.5864588417728,230.5914197900792,231.36561495313973,35417200,0.0011567423416700695,231.42942374093192,228.53824070521765,225.41442962646485,0.009993460716956427,0.01285294226996451,0.012721603400142821,58.57915944681858,2.0155112581039702,0
2024-10-30,228.3879547119141,231.73287549326048,227.8420439394486,230.8792736886572,47070900,-0.015277844116134198,230.5247802734375,228.72210039411272,225.48569610595703,0.010749831514529079,0.011560718060164678,0.012917938620425439,51.952896873971596,1.7045569863686296,0
2024-10-31,224.2291259765625,228.11995749798112,223.69313535160188,227.63359787833264,64370100,-0.01820949244279313,229.11392865862166,228.6809801374163,225.47596923828124,0.011995440912081882,0.012276193516772727,0.013183091784266202,47.251958617996515,1.1097482762189088,0
2024-11-01,221.2514495849609,223.6732972736376,218.6310930183328,219.3258816637916,65276700,-0.013279614673754825,228.0008501325335,228.55052984328498,225.44381072998047,0.010516516187473545,0.012572348604662931,0.0132664551858371,35.57919346894596,0.39354791336737094,0
2024-11-04,220.358139038086,221.13233427123137,218.07526420177624,219.3457392072076,44944500,-0.004037535340675302,226.78708975655692,228.32413228352866,225.3479296875,0.010378905512096562,0.012528728129905846,0.013192930485890115,28.425636049490123,-0.2433238437555474,1
2024-11-05,221.7873992919922,222.2836790018177,219.49458945583885,220.14968230766976,28111300,0.0064860787994727165,225.65840366908483,228.40731811523438,225.27388458251954,0.010834789011737912,0.011593802772671564,0.013225967018796834,34.464698060312756,-0.6255094583549692,0
2024-11-06,221.06285095214844,224.387931303672,219.54423614319148,220.95366880237512,54561100,-0.0032668598042842056,224.14404078892298,228.26316106887091,225.16847473144531,0.009163183978364521,0.010855929899391733,0.013219988415043167,32.64618596716569,-0.9756130472354414,1
2024-11-07,225.78744506835932,226.18447798056903,222.89910825147632,222.95865940199351,42137700,0.021372175812722105,223.26633780343192,228.1657961890811,225.18812774658204,0.013958262789903062,0.011268190155819178,0.013538046685078074,37.07018552009636,-0.8619019346978121,0
2024-11-08,225.51914978027344,227.2083542879204,224.9726384261151,225.72780810336752,38328800,-0.0011882648656778017,222.85650852748327,228.07928830101378,225.1369058227539,0.013001037501443092,0.011262309714429528,0.013378624520254075,33.36881953940362,-0.7843922605660794,0
2024-11-11,222.8064727783203,224.26714170400084,220.0938084143074,223.57158868270503,42005600,-0.012028588279958119,222.6532723563058,227.93402753557478,225.04711242675782,0.011854783247352008,0.011476404163976528,0.01347667040545689,31.017196825201353,-0.931122250954104,0
2024-11-12,222.8064727783203,224.15783943194583,221.9420008205612,223.12444853772337,40398300,0.0,222.87541852678572,227.6115250360398,225.08099212646485,0.010521579838407616,0.010794383949747084,0.012905736934648662,37.37445253986285,-1.035470565349783,1
2024-11-13,223.6908264160156,225.2111120360391,221.34580821096,222.5878726169869,48566200,0.003969155952552539,223.3515167236328,227.21061052594865,225.17067321777344,0.010309638501281793,0.01049498854864616,0.01285218172613888,39.83290590381498,-1.0348779794294103,1
2024-11-14,226.77114868164065,227.4170160979644,223.571589608512,223.59146688403663,44923900,0.013770445194280612,224.063480922154,227.05421665736608,225.2915887451172,0.011148792917151151,0.01087876196404569,0.012958170714049673,44.72321529122624,-0.7768965079669385,0
2024-11-15,223.57159423828125,225.47940335635096,222.8462328667566,224.96270031544069,47923700,-0.01410917774135012,224.42187282017298,226.72797357468377,225.37948059082032,0.012828832521790259,0.01125165892836867,0.013081756436575357,35.98328262014155,-0.8211558633230993,1
2024-11-18,226.57241821289065,228.28149999782983,223.74050538640265,223.8199993254601,44633700,0.013422205914992658,224.5340118408203,226.40992446172805,225.52560272216797,0.01101968613203051,0.011323722787423217,0.013209125583463838,41.520023334157514,-0.6070921253760844,1
2024-11-19,226.8307647705078,228.6988344551977,225.22105418122663,225.5390147792205,36211800,0.0011402383381653447,224.7213854108538,226.03422473725817,225.69277252197264,0.010993654329807383,0.01120551822880478,0.013194187666286276,47.25000458099022,-0.41185109959198485,1
2024-11-20,227.5461883544922,228.4702769508748,224.45593165289552,226.61215353970653,35169600,0.00315399714279585,225.3984876360212,225.72189621698288,225.82363037109374,0.009405258571117153,0.011249131032246245,0.013107607159284258,56.669020699743015,-0.19712019691235128,0
2024-11-21,227.06922912597656,228.69881686539628,224.27707103239013,227.4269442474061,42108300,-0.0020960985194468096,226.00745282854353,225.62790716262091,225.9427651977539,0.009550773300269188,0.010246924397616415,0.013113424985960423,63.00442037191171,-0.06468538031373328,1
2024-11-22,228.41065979003903,229.25526960886552,226.6121530455377,226.6121530455377,38168300,0.005907584524886156,226.6817147391183,225.60677373976935,226.0940884399414,0.00961986150041612,0.010336652299247564,0.013131811316326463,67.64619730517049,0.1468199606538576,1
2024-11-25,231.3916015625,231.76919395430343,228.28148292479264,229.99056458191063,90152800,0.013050799709615646,227.34177943638392,225.6878880092076,226.42771057128905,0.009488865523441565,0.01070174249175334,0.012579038611016698,69.70636800649223,0.5486520363016609,1
2024-11-26,233.56771850585932,234.07449047305911,231.84870566104107,231.84870566104107,45986200,0.009404476777310933,228.7697971888951,225.77857026599702,226.79552551269532,0.005959640310062308,0.010733951838969713,0.012627534630916587,74.21561831278821,1.0308186661364118,0
2024-11-27,233.4385223388672,234.19370712659864,232.3256375930536,232.98145117337265,33498400,-0.0005531422228148841,229.75066920689173,225.85033961704798,227.08333709716797,0.005492051465658943,0.010734766376680428,0.012410370956236141,68.02421340580125,1.3865310760060083,1
2024-11-29,235.8233184814453,236.3002669685808,232.48464874765904,233.31931239062584,28481400,0.010215949444352113,231.03531973702567,226.20440455845423,227.2564617919922,0.0056930094899973575,0.010310628664632988,0.011370713401279611,72.07316339712048,1.8396623592034587,1
2024-12-02,238.0689697265625,239.26134854667043,235.65440375298792,235.7637060292764,48137100,0.00952260047724618,232.53857421875,226.86344473702567,227.48779998779298,0.005748676809448558,0.009383940673335362,0.011423356631622309,83.36222912281997,2.3528552033794483,1
2024-12-03,241.10952758789065,241.218829858088,237.3833345065081,238.28756099978403,38861000,0.012771752088566624,234.54433114188058,227.80906749906995,227.81429107666017,0.004696627450660431,0.008844853653112123,0.011471656980130578,85.31434684993688,2.9706678285990336,1
2024-12-04,241.46725463867188,242.56027739454964,239.7184333911867,241.32814402991647,44383900,0.0014836703234417659,236.40955897739954,228.81426348005022,228.13007110595703,0.005371200164347245,0.008670000161002712,0.011465958672945468,85.0097186110501,3.4493919255872356,1
2024-12-05,241.4970703125,242.9875476638645,240.5928589090645,242.44105143123323,40033900,0.00012347708956528258,237.8531973702567,229.75281924293154,228.466298828125,0.00555833282989715,0.008704610284132096,0.011436944802772304,82.96256574902662,3.787529811161562,0
2024-12-06,241.2983245849609,243.0769692456264,240.5431549096241,241.36788746709487,36870600,-0.0008229736587773706,238.9575696672712,230.71641322544642,228.77572265625,0.00589096538164945,0.008617114548226078,0.01142978767452524,95.83740715050607,3.993435563062434,1
2024-12-09,245.1835021972656,245.6703968797777,240.2152448072501,240.2947387449205,44649200,0.016101137954386058,240.6354239327567,231.6400349934896,229.1574905395508,0.006729817938784561,0.008156835932649717,0.011617438868529785,96.01945674451187,4.419177194586666,1
2024-12-10,246.197021484375,246.63423054379348,243.78244060146585,245.32260336553807,36914800,0.004133717309796614,242.1173815046038,232.62469555082777,229.456103515625,0.006646034405092733,0.008070985352826967,0.011215420365077453,96.16276286892956,4.783225000654738,0
2024-12-11,244.92515563964844,249.2077910379196,244.69660488558225,246.38582450957213,45205800,-0.00516604887036487,243.09683663504464,233.67796616327195,229.86406860351562,0.0076592011198941485,0.0074989772733799484,0.010367191749714743,90.35519865301742,4.9124785704945,1
2024-12-12,246.3858184814453,247.1608653940442,244.1202792424049,245.32260415969785,32777500,0.005963710987473725,243.85059247698103,234.80079214913505,230.2899319458008,0.006751377038051065,0.007430906292585977,0.010383544117464573,92.89486060793358,5.074283063355637,1
2024-12-13,246.55474853515625,247.7073727380188,244.67674782957272,246.24671899982584,33155300,0.000685632211919085,244.57737731933594,235.8895503452846,230.74120880126952,0.006790174614989092,0.007484234747470374,0.010339332031639748,92.50454502885025,5.156702279273873,1
2024-12-16,249.44625854492188,249.78411156803347,246.07778066556844,246.41563368868003,51694800,0.011727658976129263,245.71297563825334,236.96931748163132,231.22788421630858,0.007362494047711019,0.0073725020696947235,0.010422913635081696,92.47300634638037,5.393171668259242,1
2024-12-17,251.87078857421875,252.2185726786221,248.19428090188288,248.4923793968116,51356400,0.009719648807080539,247.22332763671875,238.31689816429503,231.86449005126954,0.00712844409562043,0.00607222086914405,0.009849128072546415,92.55996309963113,5.710388865177322,0
2024-12-18,246.4752655029297,252.6657103008961,246.1672359539693,250.55917390522964,56774100,-0.02142178972731157,247.4078652518136,239.264652797154,232.3121923828125,0.011300191349463742,0.008234720259137506,0.010162982061209604,74.35043725995159,5.463433103626528,1
2024-12-19,248.2041931152344,250.400169527173,245.5213371883983,245.92873792847348,60882300,0.007014608986329218,247.6946040562221,240.28243509928384,232.71963409423827,0.01149241043862168,0.008230715453984915,0.009966692365409488,73.70621222648069,5.345608050360283,1
2024-12-20,252.87437438964844,253.38113119374523,244.1302382023433,246.4653101181541,147495300,0.018815883872863592,248.83020673479353,241.48853919619606,233.2304052734375,0.012775224854638164,0.008808192354870637,0.01023585231544795,75.94010410400772,5.564926437351573,1
2024-12-23,253.6494140625,254.02699130961165,251.84096111600803,253.15258832932108,40858800,0.0030649197836760678,249.86786324637276,242.75426228841147,233.78625457763673,0.012772284180736884,0.008668993213590676,0.01015926502548801,73.8653549947379,5.7351656439414285,1
2024-12-24,256.560791015625,256.57070690893096,253.66924678278625,253.86798918256417,23234700,0.011477956548354706,251.29729788643974,244.09474472772507,234.32588989257812,0.012923681157432617,0.008772440136303444,0.010041479820223931,76.18059760905555,6.035432521217643,1
2024-12-26,257.3755798339844,258.4487403486908,255.9944201288889,256.55086249805703,27237100,0.003175811920184346,252.4300580705915,245.3320770263672,234.83120086669922,0.012668460228521342,0.008615577440770893,0.009962940363840898,76.81204304710153,6.266901888967311,0
2024-12-27,253.9673767089844,257.05764856283577,251.45343969164696,256.19314630806485,42355300,-0.01324213869551405,252.72957066127233,246.30348932175409,235.30944000244142,0.014008534860402364,0.009430739919846255,0.010080242595239165,69.30067176312141,6.104955396304348,0
2024-12-30,250.59890747070312,251.890657464443,249.15811581542044,250.6287158030117,35557500,-0.013263393440257176,253.31866237095423,247.12065051850817,235.7129641723633,0.012001660116535392,0.010122590197866746,0.010309717698455264,58.38206480356576,5.6397923030296795,0
2024-12-31,248.8302001953125,251.6720440162376,247.84647977817443,250.837380417288,39480700,-0.007057920935259476,253.40809195382255,247.74002583821616,236.0245391845703,0.012282002411650866,0.01024490200438175,0.010268676913391667,53.98257864166577,5.069983688859907,0
